id,statement_id/id,sequence,name,description,source_type,source,tax_tag_ids/id,accounting_tag_ids/id,period_type,balance_type,value_type,value_invert,auxiliary
tax_stmt_periodic_c001,tax_stmt_periodic,10,C001,Transm. bens/serv. c/ liquid. imp. à tx. red. [Base],expr,C001_VND+C001_CMP,,,,,,0,0
tax_stmt_periodic_c001_vnd,tax_stmt_periodic,15,C001_VND,Transm. bens/serv. c/ liquid. imp. à tx. red. [Base],domain,,ptplus.tax_tag_iva_dp_1_v,,,,base_bal_normal,0,1
tax_stmt_periodic_c001_cmp,tax_stmt_periodic,20,C001_CMP,Transm. bens/serv. c/ liquid. imp. à tx. red. [Base],domain,,ptplus.tax_tag_iva_dp_1_c,,,,base_bal_normal,1,1
tax_stmt_periodic_c002,tax_stmt_periodic,40,C002,Transm. bens/serv. c/ liquid. imp. à tx. red. [Imp.],domain,,ptplus.tax_tag_iva_dp_2,,,,tax_bal_normal,0,0
tax_stmt_periodic_c003,tax_stmt_periodic,70,C003,Transm. bens/serv. c/ liquid. imp. à tx. normal [Base],expr,C003_VND+C003_CMP,,,,,,0,0
tax_stmt_periodic_c003_vnd,tax_stmt_periodic,75,C003_VND,Transm. bens/serv. c/ liquid. imp. à tx. normal [Base],domain,,ptplus.tax_tag_iva_dp_3_v,,,,base_bal_normal,0,1
tax_stmt_periodic_c003_cmp,tax_stmt_periodic,80,C003_CMP,Transm. bens/serv. c/ liquid. imp. à tx. normal [Base],domain,,ptplus.tax_tag_iva_dp_3_c,,,,base_bal_normal,1,1
tax_stmt_periodic_c004,tax_stmt_periodic,100,C004,Transm. bens/serv. c/ liquid. imp. à tx. normal [Imp.],domain,,ptplus.tax_tag_iva_dp_4,,,,tax_bal_normal,0,0
tax_stmt_periodic_c005,tax_stmt_periodic,130,C005,Transm. bens/serv. c/ liquid. imp. à tx. interm. [Base],expr,C005_VND+C005_CMP,,,,,,0,0
tax_stmt_periodic_c005_vnd,tax_stmt_periodic,135,C005_VND,Transm. bens/serv. c/ liquid. imp. à tx. interm. [Base],domain,,ptplus.tax_tag_iva_dp_5_v,,,,base_bal_normal,0,1
tax_stmt_periodic_c005_cmp,tax_stmt_periodic,140,C005_CMP,Transm. bens/serv. c/ liquid. imp. à tx. interm. [Base],domain,,ptplus.tax_tag_iva_dp_5_c,,,,base_bal_normal,1,1
tax_stmt_periodic_c006,tax_stmt_periodic,160,C006,Transm. bens/serv. c/ liquid. imp. à tx. interm. [Imp.],domain,,ptplus.tax_tag_iva_dp_6,,,,tax_bal_normal,0,0
tax_stmt_periodic_c007,tax_stmt_periodic,190,C007,Transm. bens/serv. isentas ou não trib. intracomunitárias (decl. recap.),expr,recapitulative_total,,,,,,0,0
tax_stmt_periodic_c007_check,tax_stmt_periodic,195,C007-VRF,Recálculo do campo 7 para verificação e controlo,domain,,ptplus.tax_tag_iva_dp_7,,,,base_bal_normal,0,1
tax_stmt_periodic_c008,tax_stmt_periodic,200,C008,Transm. bens/serv. isentas ou não trib. c/ direito dedução,domain,,ptplus.tax_tag_iva_dp_8,,,,base_bal_normal,0,0
tax_stmt_periodic_c009,tax_stmt_periodic,210,C009,Transm. bens/serv. isentas ou não trib. s/ direito dedução,domain,,ptplus.tax_tag_iva_dp_9,,,,base_bal_normal,0,0
tax_stmt_periodic_c010,tax_stmt_periodic,220,C010,Aquis. intracom. bens/oper. assim. - Total [Base],expr,C012+C014+C015,,,,,,0,0
tax_stmt_periodic_c011,tax_stmt_periodic,230,C011,Aquis. intracom. bens/oper. assim. - Total [Imp.],expr,C013,,,,,,0,0
tax_stmt_periodic_c012,tax_stmt_periodic,240,C012,Aquis. intracom. bens/oper. assim. - imp. liquid. p/ declarante [Base],domain,,ptplus.tax_tag_iva_dp_12,,,,base_bal_normal,1,0
tax_stmt_periodic_c013,tax_stmt_periodic,250,C013,Aquis. intracom. bens/oper. assim. - imp. liquid. p/ declarante [Imp.],domain,,ptplus.tax_tag_iva_dp_13,,,,tax_bal_normal,0,0
tax_stmt_periodic_c014,tax_stmt_periodic,260,C014,Aquis. intracom. bens/oper. assim. -  art. 15º CIVA ou RITI,domain,,ptplus.tax_tag_iva_dp_14,,,,base_bal_normal,1,0
tax_stmt_periodic_c015,tax_stmt_periodic,270,C015,"Aquis. intracom. bens/oper. assim. - nºs 3, 4 e 5. art. 22º RITI",domain,,ptplus.tax_tag_iva_dp_15,,,,base_bal_normal,1,0
tax_stmt_periodic_c016,tax_stmt_periodic,280,C016,Prest. serv. suj. passiv. intracom. c/ imp. liquid. declarante [Base],domain,,ptplus.tax_tag_iva_dp_16,,,,base_bal_normal,1,0
tax_stmt_periodic_c017,tax_stmt_periodic,290,C017,Prest. serv. suj. passiv. intracom. c/ imp. liquid. declarante [Imp.],domain,,ptplus.tax_tag_iva_dp_17,,,,tax_bal_normal,0,0
tax_stmt_periodic_c018,tax_stmt_periodic,300,C018,Importação de bens c/imposto liquidado pelo declarante [Base],expr,C018_AUTO+paid_tax_import_base,,,,,,0,0
tax_stmt_periodic_c018_auto,tax_stmt_periodic,301,C018_AUTO,Importação de bens c/imposto liquidado pelo declarante [Calcul.],domain,,ptplus.tax_tag_iva_dp_18,,,,base_bal_normal,1,1
tax_stmt_periodic_c018_adic,tax_stmt_periodic,302,C018_ADIC,Importação de bens c/imposto liquidado pelo declarante [Adicion.],expr,paid_tax_import_base,,,,,,0,1
tax_stmt_periodic_c019,tax_stmt_periodic,310,C019,Importação de bens c/imposto liquidado pelo declarante [Imp.],expr,C019_AUTO+paid_tax_import_amount,,,,,,0,0
tax_stmt_periodic_c019_auto,tax_stmt_periodic,311,C019_AUTO,Importação de bens c/imposto liquidado pelo declarante [Calcul.],domain,,ptplus.tax_tag_iva_dp_19,,,,tax_bal_normal,0,1
tax_stmt_periodic_c019_adic,tax_stmt_periodic,312,C019_ADIC,Importação de bens c/imposto liquidado pelo declarante [Adicion.],expr,paid_tax_import_amount,,,,,,0,1
tax_stmt_periodic_c020,tax_stmt_periodic,320,C020,Imp. dedut. - Imobilizado,expr,C020_AUTO+deduct_tax_asset,,,,,,0,0
tax_stmt_periodic_c020_auto,tax_stmt_periodic,325,C020_AUTO,Imp. dedut. - Imobilizado [Calcul.],domain,,ptplus.tax_tag_iva_dp_20,,,,tax_bal_normal,1,1
tax_stmt_periodic_c020_adic,tax_stmt_periodic,327,C020_ADIC,Imp. dedut. - Imobilizado [Adicion.],expr,deduct_tax_asset,,,,,,0,1
tax_stmt_periodic_c021,tax_stmt_periodic,330,C021,Imp. dedut. - Existências à tx. reduzida,expr,C021_AUTO+deduct_tax_invent_red,,,,,,0,0
tax_stmt_periodic_c021_auto,tax_stmt_periodic,335,C021_AUTO,Imp. dedut. - Existências à tx. reduzida [Calcul.],domain,,ptplus.tax_tag_iva_dp_21,,,,tax_bal_normal,1,1
tax_stmt_periodic_c021_adic,tax_stmt_periodic,337,C021_ADIC,Imp. dedut. - Existências à tx. reduzida [Adicion.],expr,deduct_tax_invent_red,,,,,,0,1
tax_stmt_periodic_c022,tax_stmt_periodic,340,C022,Imp. dedut. - Existências à tx. normal,expr,C022_AUTO+deduct_tax_invent_std,,,,,,0,0
tax_stmt_periodic_c022_auto,tax_stmt_periodic,345,C022_AUTO,Imp. dedut. - Existências à tx. normal [Calcul.],domain,,ptplus.tax_tag_iva_dp_22,,,,tax_bal_normal,1,1
tax_stmt_periodic_c022_adic,tax_stmt_periodic,347,C022_ADIC,Imp. dedut. - Existências à tx. normal [Adicion.],expr,deduct_tax_invent_std,,,,,,0,1
tax_stmt_periodic_c023,tax_stmt_periodic,350,C023,Imp. dedut. - Existências à tx. intermédia,expr,C023_AUTO+deduct_tax_invent_interm,,,,,,0,0
tax_stmt_periodic_c023_auto,tax_stmt_periodic,355,C023_AUTO,Imp. dedut. - Existências à tx. intermédia [Calcul.],domain,,ptplus.tax_tag_iva_dp_23,,,,tax_bal_normal,1,1
tax_stmt_periodic_c023_adic,tax_stmt_periodic,357,C023_ADIC,Imp. dedut. - Existências à tx. intermédia [Adicion.],expr,deduct_tax_invent_interm,,,,,,0,1
tax_stmt_periodic_c024,tax_stmt_periodic,360,C024,Imp. dedut. - Outros bens e serviços,expr,C024_AUTO+deduct_tax_ogs,,,,,,0,0
tax_stmt_periodic_c024_auto,tax_stmt_periodic,365,C024_AUTO,Imp. dedut. - Outros bens e serviços [Calcul.],domain,,ptplus.tax_tag_iva_dp_24,,,,tax_bal_normal,1,1
tax_stmt_periodic_c024_adic,tax_stmt_periodic,367,C024_ADIC,Imp. dedut. - Outros bens e serviços [Adicion.],expr,deduct_tax_ogs,,,,,,0,1
tax_stmt_periodic_c040,tax_stmt_periodic,370,C040,Regularizações [Imp. a favor suj. pass.],domain,,ptplus.tax_tag_iva_dp_40,,,,tax_bal_regularization,1,0
tax_stmt_periodic_c041,tax_stmt_periodic,380,C041,Regularizações [Imp. a favor Estado],domain,,ptplus.tax_tag_iva_dp_41,,,,tax_bal_regularization,0,0
tax_stmt_periodic_c061,tax_stmt_periodic,420,C061,Excesso a reportar do período anterior,expr,previous_period_excess,,,,,,0,0
tax_stmt_periodic_c065,tax_stmt_periodic,430,C065,Anexo (ver quadro 3) [Imp.dedutível],expr,annex_r1_favourable_tax,,,,,,0,0
tax_stmt_periodic_c066,tax_stmt_periodic,440,C066,Anexo (ver quadro 3) [Imp.liquidado],expr,annex_r1_unfavourable_tax,,,,,,0,0
tax_stmt_periodic_c067,tax_stmt_periodic,450,C067,Anexo (ver quadro 3) [Imp.dedutível],expr,annex_r2_favourable_tax,,,,,,0,0
tax_stmt_periodic_c068,tax_stmt_periodic,460,C068,Anexo (ver quadro 3) [Imp.liquidado],expr,annex_r2_unfavourable_tax,,,,,,0,0
tax_stmt_periodic_c090,tax_stmt_periodic,470,C090,Total da base tributável,expr,C001+C003+C005+C007+C008+C009+C010+C016+C018,,,,,,0,0
tax_stmt_periodic_c091,tax_stmt_periodic,480,C091,Total do imposto a favor do sujeito passivo,expr,C020+C021+C022+C023+C024+C040+C061+C065+C067,,,,,,0,0
tax_stmt_periodic_c092,tax_stmt_periodic,490,C092,Total do imposto a favor do Estado,expr,C002+C004+C006+C011+C017+C019+C041+C066+C068,,,,,,0,0
tax_stmt_periodic_c093,tax_stmt_periodic,500,C093,Imposto a entregar ao Estado,expr,C092-C091 if C092 > C091 else 0.00,,,,,,0,0
tax_stmt_periodic_c094,tax_stmt_periodic,510,C094,Crédito de imposto a recuperar,expr,C091-C092 if C091 > C092 else 0.00,,,,,,0,0
tax_stmt_periodic_c095,tax_stmt_periodic,520,C095,Solicito Reeembolso,expr,C094 if C094 and request_refund else '',,,,,,0,0
tax_stmt_periodic_c096,tax_stmt_periodic,530,C096,Excesso a reportar,expr,C094 if C094 and not request_refund else '',,,,,,0,0
tax_stmt_periodic_c097,tax_stmt_periodic,540,C097,"A - Operação localizadas em Portugal em que, na qualidade de adquirente, liquidou o IVA devido (Valores das bases tributáveis, incluídos nos campos 1,5 e 3) - Efetuadas por entidades residentes em países comunitários (não inclui as operações mencionadas no campo 16)",domain,,ptplus.tax_tag_iva_dp_97_r65,,,,base_bal_normal,1,0
tax_stmt_periodic_c098,tax_stmt_periodic,550,C098,"A - Operação localizadas em Portugal em que, na qualidade de adquirente, liquidou o IVA devido (Valores das bases tributáveis, incluídos nos campos 1,5 e 3) - Efetuadas por entidades residentes em países ou territórios terceiros",domain,,ptplus.tax_tag_iva_dp_98_r66,,,,base_bal_normal,1,0
tax_stmt_periodic_c099,tax_stmt_periodic,560,C099,"B - Operações em que liquidou o IVA devido por aplicação da regra de inversão do sujeito passivo (Valores das bases tributáveis, incluídos nos campos 1, 5 e 3) - Ouro (Decreto-Lei 362/99)",domain,,ptplus.tax_tag_iva_dp_99_r67,,,,base_bal_normal,1,0
tax_stmt_periodic_c100,tax_stmt_periodic,570,C100,"B - Operações em que liquidou o IVA devido por aplicação da regra de inversão do sujeito passivo (Valores das bases tributáveis, incluídos nos campos 1, 5 e 3) - Aquisição de imóveis com renúncia à isenção (Decreto-Lei 21/2007)",domain,,ptplus.tax_tag_iva_dp_100_r68,,,,base_bal_normal,1,0
tax_stmt_periodic_c101,tax_stmt_periodic,580,C101,"B - Operações em que liquidou o IVA devido por aplicação da regra de inversão do sujeito passivo (Valores das bases tributáveis, incluídos nos campos 1, 5 e 3) - Sucata [Alínea i) do n.º 1]",domain,,ptplus.tax_tag_iva_dp_101_r69,,,,base_bal_normal,1,0
tax_stmt_periodic_c102,tax_stmt_periodic,590,C102,"B - Operações em que liquidou o IVA devido por aplicação da regra de inversão do sujeito passivo (Valores das bases tributáveis, incluídos nos campos 1, 5 e 3) - Serviços de construção civil [Alínea j) do n.º 1 do art.º 2 do CIVA]",domain,,ptplus.tax_tag_iva_dp_102_r70,,,,base_bal_normal,1,0
tax_stmt_periodic_c103,tax_stmt_periodic,600,C103,"C - Operações referidas nas alíneas f) e g) do n.º 3 do artigo 3.º e alíneas a) e b) do n.º 2 do artigo 4.º do CIVA (Valores das bases tributáveis, incluídos nos campos 1, 5 e 3) - Se efetuou operações desta natureza, indique o seu valor",domain,,ptplus.tax_tag_iva_dp_103_r71,,,,base_bal_normal,1,0
tax_stmt_periodic_c104,tax_stmt_periodic,610,C104,"D - Operações referidas nas alíneas a) , b) e c) do artigo 42.º do CIVA (Valores das bases tributáveis, incluídos nos campos 1, 5 , 3 e 9) - Se efetuou operações desta natureza, indique o seu valor",domain,,ptplus.tax_tag_iva_dp_104_r72,,,,base_bal_total,1,0
tax_stmt_periodic_c105,tax_stmt_periodic,620,C105,"B - Operações em que liquidou o IVA devido por aplicação da regra de inversão do sujeito passivo (Valores das bases tributáveis, incluídos nos campos 1, 5 e 3) - Emissão de gases com efeito de estufa [Alínea l) do n.º 1 do art.º 2.º do CIVA]",domain,,ptplus.tax_tag_iva_dp_105_r73,,,,base_bal_normal,1,0
tax_stmt_periodic_c106,tax_stmt_periodic,630,C106,SOMA DO QUADRO 06-A (97 + .... + 105),expr,C097+C098+C099+C100+C101+C102+C105+C103+C104,,,,,,0,0
tax_stmt_periodic_annex_r_c001,tax_stmt_periodic_annex_r,10,C001,Transm. bens/serv. c/ liquid. imp. à tx. red. [Base],expr,C001_VND+C001_CMP,,,,,base_bal_normal,0,0
tax_stmt_periodic_annex_r_c001_vnd,tax_stmt_periodic_annex_r,15,C001_VND,Transm. bens/serv. c/ liquid. imp. à tx. red. [Base],domain,,ptplus.tax_tag_iva_dp_1_v,,,,base_bal_normal,0,1
tax_stmt_periodic_annex_r_c001_cmp,tax_stmt_periodic_annex_r,20,C001_CMP,Transm. bens/serv. c/ liquid. imp. à tx. red. [Base],domain,,ptplus.tax_tag_iva_dp_1_c,,,,base_bal_normal,1,1
tax_stmt_periodic_annex_r_c002,tax_stmt_periodic_annex_r,40,C002,Transm. bens/serv. c/ liquid. imp. à tx. red. [Imp.],domain,,ptplus.tax_tag_iva_dp_2,,,,tax_bal_normal,0,0
tax_stmt_periodic_annex_r_c003,tax_stmt_periodic_annex_r,70,C003,Transm. bens/serv. c/ liquid. imp. à tx. normal [Base],expr,C003_VND+C003_CMP,,,,,base_bal_normal,0,0
tax_stmt_periodic_annex_r_c003_vnd,tax_stmt_periodic_annex_r,75,C003_VND,Transm. bens/serv. c/ liquid. imp. à tx. normal [Base],domain,,ptplus.tax_tag_iva_dp_3_v,,,,base_bal_normal,0,1
tax_stmt_periodic_annex_r_c003_cmp,tax_stmt_periodic_annex_r,80,C003_CMP,Transm. bens/serv. c/ liquid. imp. à tx. normal [Base],domain,,ptplus.tax_tag_iva_dp_3_c,,,,base_bal_normal,1,1
tax_stmt_periodic_annex_r_c004,tax_stmt_periodic_annex_r,100,C004,Transm. bens/serv. c/ liquid. imp. à tx. normal [Imp.],domain,,ptplus.tax_tag_iva_dp_4,,,,tax_bal_normal,0,0
tax_stmt_periodic_annex_r_c005,tax_stmt_periodic_annex_r,130,C005,Transm. bens/serv. c/ liquid. imp. à tx. interm. [Base],expr,C005_VND+C005_CMP,,,,,base_bal_normal,0,0
tax_stmt_periodic_annex_r_c005_vnd,tax_stmt_periodic_annex_r,135,C005_VND,Transm. bens/serv. c/ liquid. imp. à tx. interm. [Base],domain,,ptplus.tax_tag_iva_dp_5_v,,,,base_bal_normal,0,1
tax_stmt_periodic_annex_r_c005_cmp,tax_stmt_periodic_annex_r,140,C005_CMP,Transm. bens/serv. c/ liquid. imp. à tx. interm. [Base],domain,,ptplus.tax_tag_iva_dp_5_c,,,,base_bal_normal,1,1
tax_stmt_periodic_annex_r_c006,tax_stmt_periodic_annex_r,160,C006,Transm. bens/serv. c/ liquid. imp. à tx. interm. [Imp.],domain,,ptplus.tax_tag_iva_dp_6,,,,tax_bal_normal,0,0
tax_stmt_periodic_annex_r_c007,tax_stmt_periodic_annex_r,190,C007,Transm. bens/serv. isentas ou não trib. intracomunitárias (decl. recap.),domain,,ptplus.tax_tag_iva_dp_7,,,,base_bal_normal,0,0
tax_stmt_periodic_annex_r_c008,tax_stmt_periodic_annex_r,200,C008,Transm. bens/serv. isentas ou não trib. c/ direito dedução,domain,,ptplus.tax_tag_iva_dp_8,,,,base_bal_normal,0,0
tax_stmt_periodic_annex_r_c009,tax_stmt_periodic_annex_r,210,C009,Transm. bens/serv. isentas ou não trib. s/ direito dedução,domain,,ptplus.tax_tag_iva_dp_9,,,,base_bal_normal,0,0
tax_stmt_periodic_annex_r_c010,tax_stmt_periodic_annex_r,220,C010,Aquis. intracom. bens/oper. assim. - Total [Base],expr,C012+C014+C015,,,,,,0,0
tax_stmt_periodic_annex_r_c011,tax_stmt_periodic_annex_r,230,C011,Aquis. intracom. bens/oper. assim. - Total [Imp.],expr,C013,,,,,,0,0
tax_stmt_periodic_annex_r_c012,tax_stmt_periodic_annex_r,240,C012,Aquis. intracom. bens/oper. assim. - imp. liquid. p/ declarante [Base],domain,,ptplus.tax_tag_iva_dp_12,,,,base_bal_normal,1,0
tax_stmt_periodic_annex_r_c013,tax_stmt_periodic_annex_r,250,C013,Aquis. intracom. bens/oper. assim. - imp. liquid. p/ declarante [Imp.],domain,,ptplus.tax_tag_iva_dp_13,,,,tax_bal_normal,0,0
tax_stmt_periodic_annex_r_c014,tax_stmt_periodic_annex_r,260,C014,Aquis. intracom. bens/oper. assim. -  art. 15º CIVA ou RITI,domain,,ptplus.tax_tag_iva_dp_14,,,,base_bal_normal,1,0
tax_stmt_periodic_annex_r_c015,tax_stmt_periodic_annex_r,270,C015,"Aquis. intracom. bens/oper. assim. - nºs 3, 4 e 5. art. 22º RITI",domain,,ptplus.tax_tag_iva_dp_15,,,,base_bal_normal,1,0
tax_stmt_periodic_annex_r_c016,tax_stmt_periodic_annex_r,280,C016,Prest. serv. suj. passiv. intracom. c/ imp. liquid. declarante [Base],domain,,ptplus.tax_tag_iva_dp_16,,,,base_bal_normal,1,0
tax_stmt_periodic_annex_r_c017,tax_stmt_periodic_annex_r,290,C017,Prest. serv. suj. passiv. intracom. c/ imp. liquid. declarante [Imp.],domain,,ptplus.tax_tag_iva_dp_17,,,,tax_bal_normal,0,0
tax_stmt_periodic_annex_r_c018,tax_stmt_periodic_annex_r,300,C018,Importação de bens c/imposto liquidado pelo declarante [Base],domain,,ptplus.tax_tag_iva_dp_18,,,,base_bal_normal,1,0
tax_stmt_periodic_annex_r_c019,tax_stmt_periodic_annex_r,310,C019,Importação de bens c/imposto liquidado pelo declarante [Imp.],domain,,ptplus.tax_tag_iva_dp_19,,,,tax_bal_normal,0,0
tax_stmt_periodic_annex_r_c020,tax_stmt_periodic_annex_r,320,C020,Imp. dedut. - Imobilizado,expr,C020_AUTO+deduct_tax_asset,,,,,,0,0
tax_stmt_periodic_annex_r_c020_auto,tax_stmt_periodic_annex_r,325,C020_AUTO,Imp. dedut. - Imobilizado [Calcul.],domain,,ptplus.tax_tag_iva_dp_20,,,,tax_bal_normal,1,1
tax_stmt_periodic_annex_r_c020_adic,tax_stmt_periodic_annex_r,327,C020_ADIC,Imp. dedut. - Imobilizado [Adicion.],expr,deduct_tax_asset,,,,,,0,1
tax_stmt_periodic_annex_r_c021,tax_stmt_periodic_annex_r,330,C021,Imp. dedut. - Existências à tx. reduzida,expr,C021_AUTO+deduct_tax_invent_red,,,,,,0,0
tax_stmt_periodic_annex_r_c021_auto,tax_stmt_periodic_annex_r,335,C021_AUTO,Imp. dedut. - Existências à tx. reduzida [Calcul.],domain,,ptplus.tax_tag_iva_dp_21,,,,tax_bal_normal,1,1
tax_stmt_periodic_annex_r_c021_adic,tax_stmt_periodic_annex_r,337,C021_ADIC,Imp. dedut. - Existências à tx. reduzida [Adicion.],expr,deduct_tax_invent_red,,,,,,0,1
tax_stmt_periodic_annex_r_c022,tax_stmt_periodic_annex_r,340,C022,Imp. dedut. - Existências à tx. normal,expr,C022_AUTO+deduct_tax_invent_std,,,,,,0,0
tax_stmt_periodic_annex_r_c022_auto,tax_stmt_periodic_annex_r,345,C022_AUTO,Imp. dedut. - Existências à tx. normal [Calcul.],domain,,ptplus.tax_tag_iva_dp_22,,,,tax_bal_normal,1,1
tax_stmt_periodic_annex_r_c022_adic,tax_stmt_periodic_annex_r,347,C022_ADIC,Imp. dedut. - Existências à tx. normal [Adicion.],expr,deduct_tax_invent_std,,,,,,0,1
tax_stmt_periodic_annex_r_c023,tax_stmt_periodic_annex_r,350,C023,Imp. dedut. - Existências à tx. intermédia,expr,C023_AUTO+deduct_tax_invent_interm,,,,,,0,0
tax_stmt_periodic_annex_r_c023_auto,tax_stmt_periodic_annex_r,355,C023_AUTO,Imp. dedut. - Existências à tx. intermédia [Calcul.],domain,,ptplus.tax_tag_iva_dp_23,,,,tax_bal_normal,1,1
tax_stmt_periodic_annex_r_c023_adic,tax_stmt_periodic_annex_r,357,C023_ADIC,Imp. dedut. - Existências à tx. intermédia [Adicion.],expr,deduct_tax_invent_interm,,,,,,0,1
tax_stmt_periodic_annex_r_c024,tax_stmt_periodic_annex_r,360,C024,Imp. dedut. - Outros bens e serviços,expr,C024_AUTO+deduct_tax_ogs,,,,,,0,0
tax_stmt_periodic_annex_r_c024_auto,tax_stmt_periodic_annex_r,365,C024_AUTO,Imp. dedut. - Outros bens e serviços [Calcul.],domain,,ptplus.tax_tag_iva_dp_24,,,,tax_bal_normal,1,1
tax_stmt_periodic_annex_r_c024_adic,tax_stmt_periodic_annex_r,367,C024_ADIC,Imp. dedut. - Outros bens e serviços [Adicion.],expr,deduct_tax_ogs,,,,,,0,1
tax_stmt_periodic_annex_r_c062,tax_stmt_periodic_annex_r,370,C062,Total da base tributável,expr,C001+C003+C005+C007+C008+C009+C010+C016+C018,,,,,,0,0
tax_stmt_periodic_annex_r_c063,tax_stmt_periodic_annex_r,380,C063,Total do imposto a favor do sujeito passivo,expr,C020+C021+C022+C023+C024,,,,,,0,0
tax_stmt_periodic_annex_r_c064,tax_stmt_periodic_annex_r,390,C064,Total do imposto a favor do Estado,expr,C002+C004+C006+C011+C017+C019,,,,,,0,0
tax_stmt_periodic_annex_r_c065,tax_stmt_periodic_annex_r,400,C065,"A - Operação localizadas em Portugal em que, na qualidade de adquirente, liquidou o IVA devido (Valores das bases tributáveis, incluídos nos campos 1,5 e 3) - Efetuadas por entidades residentes em países comunitários (não inclui as operações mencionadas no campo 16)",domain,,ptplus.tax_tag_iva_dp_97_r65,,,,base_bal_normal,1,0
tax_stmt_periodic_annex_r_c066,tax_stmt_periodic_annex_r,410,C066,"A - Operação localizadas em Portugal em que, na qualidade de adquirente, liquidou o IVA devido (Valores das bases tributáveis, incluídos nos campos 1,5 e 3) - Efetuadas por entidades residentes em países ou territórios terceiros",domain,,ptplus.tax_tag_iva_dp_98_r66,,,,base_bal_normal,1,0
tax_stmt_periodic_annex_r_c067,tax_stmt_periodic_annex_r,420,C067,"B - Operações em que liquidou o IVA devido por aplicação da regra de inversão do sujeito passivo (Valores das bases tributáveis, incluídos nos campos 1, 5 e 3) - Ouro (Decreto-Lei 362/99)",domain,,ptplus.tax_tag_iva_dp_99_r67,,,,base_bal_normal,1,0
tax_stmt_periodic_annex_r_c068,tax_stmt_periodic_annex_r,430,C068,"B - Operações em que liquidou o IVA devido por aplicação da regra de inversão do sujeito passivo (Valores das bases tributáveis, incluídos nos campos 1, 5 e 3) - Aquisição de imóveis com renúncia à isenção (Decreto-Lei 21/2007)",domain,,ptplus.tax_tag_iva_dp_100_r68,,,,base_bal_normal,1,0
tax_stmt_periodic_annex_r_c069,tax_stmt_periodic_annex_r,440,C069,"B - Operações em que liquidou o IVA devido por aplicação da regra de inversão do sujeito passivo (Valores das bases tributáveis, incluídos nos campos 1, 5 e 3) - Sucata [Alínea i) do n.º 1]",domain,,ptplus.tax_tag_iva_dp_101_r69,,,,base_bal_normal,1,0
tax_stmt_periodic_annex_r_c070,tax_stmt_periodic_annex_r,450,C070,"B - Operações em que liquidou o IVA devido por aplicação da regra de inversão do sujeito passivo (Valores das bases tributáveis, incluídos nos campos 1, 5 e 3) - Serviços de construção civil [Alínea j) do n.º 1 do art.º 2 do CIVA]",domain,,ptplus.tax_tag_iva_dp_102_r70,,,,base_bal_normal,1,0
tax_stmt_periodic_annex_r_c071,tax_stmt_periodic_annex_r,460,C071,"C - Operações referidas nas alíneas f) e g) do n.º 3 do artigo 3.º e alíneas a) e b) do n.º 2 do artigo 4.º do CIVA (Valores das bases tributáveis, incluídos nos campos 1, 5 e 3) - Se efetuou operações desta natureza, indique o seu valor",domain,,ptplus.tax_tag_iva_dp_103_r71,,,,base_bal_normal,1,0
tax_stmt_periodic_annex_r_c072,tax_stmt_periodic_annex_r,470,C072,"D - Operações referidas nas alíneas a) , b) e c) do artigo 42.º do CIVA (Valores das bases tributáveis, incluídos nos campos 1, 5 , 3 e 9) - Se efetuou operações desta natureza, indique o seu valor",domain,,ptplus.tax_tag_iva_dp_104_r72,,,,base_bal_normal,1,0
tax_stmt_periodic_annex_r_c073,tax_stmt_periodic_annex_r,480,C073,"B - Operações em que liquidou o IVA devido por aplicação da regra de inversão do sujeito passivo (Valores das bases tributáveis, incluídos nos campos 1, 5 e 3) - Emissão de gases com efeito de estufa [Alínea l) do n.º 1 do art.º 2.º do CIVA]",domain,,ptplus.tax_tag_iva_dp_105_r73,,,,base_bal_normal,1,0
tax_stmt_periodic_annex_r_c074,tax_stmt_periodic_annex_r,900,C074,SOMA DO QUADRO 06-A (65+ .... + 73),expr,C065+C066+C067+C068+C069+C070+C071+C072+C073,,,,,,0,0
tax_stmt_ies_annex_l_q03_l01,tax_stmt_ies_annex_l,10,Q03_L01,,domain,,ptplus.tax_tag_iva_al_q03_l01,,,,base_bal_normal,0,0
tax_stmt_ies_annex_l_q03_l02,tax_stmt_ies_annex_l,40,Q03_L02,,domain,,ptplus.tax_tag_iva_al_q03_l02,,,,base_bal_normal,0,0
tax_stmt_ies_annex_l_q03_l03,tax_stmt_ies_annex_l,70,Q03_L03,,domain,,ptplus.tax_tag_iva_al_q03_l03,,,,base_bal_normal,0,0
tax_stmt_ies_annex_l_q03_l04,tax_stmt_ies_annex_l,100,Q03_L04,,domain,,ptplus.tax_tag_iva_al_q03_l04,,,,base_bal_normal,0,0
tax_stmt_ies_annex_l_q03_l05,tax_stmt_ies_annex_l,130,Q03_L05,,domain,,ptplus.tax_tag_iva_al_q03_l05,,,,base_bal_normal,0,0
tax_stmt_ies_annex_l_q03_l06,tax_stmt_ies_annex_l,160,Q03_L06,,expr,Q03_L01+Q03_L02+Q03_L03+Q03_L04+Q03_L05+Q03_L64+Q03_L65,,,,,,0,0
tax_stmt_ies_annex_l_q03_l07,tax_stmt_ies_annex_l,190,Q03_L07,,domain,,ptplus.tax_tag_iva_al_q03_l07,,,,base_bal_normal,0,0
tax_stmt_ies_annex_l_q03_l08,tax_stmt_ies_annex_l,220,Q03_L08,,domain,,ptplus.tax_tag_iva_al_q03_l08,,,,base_bal_normal,0,0
tax_stmt_ies_annex_l_q03_l09,tax_stmt_ies_annex_l,250,Q03_L09,,domain,,ptplus.tax_tag_iva_al_q03_l09,,,,base_bal_normal,0,0
tax_stmt_ies_annex_l_q03_l10,tax_stmt_ies_annex_l,280,Q03_L10,,domain,,ptplus.tax_tag_iva_al_q03_l10,,,,base_bal_normal,0,0
tax_stmt_ies_annex_l_q03_l11,tax_stmt_ies_annex_l,310,Q03_L11,,domain,,ptplus.tax_tag_iva_al_q03_l11,,,,base_bal_normal,0,0
tax_stmt_ies_annex_l_q03_l12,tax_stmt_ies_annex_l,340,Q03_L12,,domain,,ptplus.tax_tag_iva_al_q03_l12,,,,base_bal_normal,0,0
tax_stmt_ies_annex_l_q03_l13,tax_stmt_ies_annex_l,370,Q03_L13,,expr,Q03_L07+Q03_L02+Q03_L08+Q03_L09+Q03_L10+Q03_L11+Q03_L66+Q03_L67+Q03_L12,,,,,,0,0
tax_stmt_ies_annex_l_q03_l14,tax_stmt_ies_annex_l,400,Q03_L14,,domain,,ptplus.tax_tag_iva_al_q03_l14,,,,base_bal_normal,0,0
tax_stmt_ies_annex_l_q03_l15,tax_stmt_ies_annex_l,430,Q03_L15,,domain,,ptplus.tax_tag_iva_al_q03_l15,,,,base_bal_normal,0,0
tax_stmt_ies_annex_l_q03_l16,tax_stmt_ies_annex_l,460,Q03_L16,,domain,,ptplus.tax_tag_iva_al_q03_l16,,,,base_bal_normal,0,0
tax_stmt_ies_annex_l_q03_l17,tax_stmt_ies_annex_l,490,Q03_L17,,domain,,ptplus.tax_tag_iva_al_q03_l17,,,,base_bal_normal,0,0
tax_stmt_ies_annex_l_q03_l18,tax_stmt_ies_annex_l,520,Q03_L18,,domain,,ptplus.tax_tag_iva_al_q03_l18,,,,base_bal_normal,0,0
tax_stmt_ies_annex_l_q03_l19,tax_stmt_ies_annex_l,550,Q03_L19,,expr,Q03_L14+Q03_L15+Q03_L16+Q03_L68+Q03_L17+Q03_L18,,,,,,0,0
tax_stmt_ies_annex_l_q03_l64,tax_stmt_ies_annex_l,580,Q03_L64,,domain,,ptplus.tax_tag_iva_al_q03_l64,,,,base_bal_normal,0,0
tax_stmt_ies_annex_l_q03_l65,tax_stmt_ies_annex_l,610,Q03_L65,,domain,,ptplus.tax_tag_iva_al_q03_l65,,,,base_bal_normal,0,0
tax_stmt_ies_annex_l_q03_l66,tax_stmt_ies_annex_l,640,Q03_L66,,domain,,ptplus.tax_tag_iva_al_q03_l66,,,,base_bal_normal,0,0
tax_stmt_ies_annex_l_q03_l67,tax_stmt_ies_annex_l,670,Q03_L67,,domain,,ptplus.tax_tag_iva_al_q03_l67,,,,base_bal_normal,0,0
tax_stmt_ies_annex_l_q03_l68,tax_stmt_ies_annex_l,700,Q03_L68,,domain,,ptplus.tax_tag_iva_al_q03_l68,,,,base_bal_normal,0,0
tax_stmt_ies_annex_l_q04_l20,tax_stmt_ies_annex_l,730,Q04_L20,,domain,,ptplus.tax_tag_iva_al_q04_l20,,,,base_bal_normal,0,0
tax_stmt_ies_annex_l_q04_l21,tax_stmt_ies_annex_l,760,Q04_L21,,domain,,ptplus.tax_tag_iva_al_q04_l21,,,,base_bal_normal,0,0
tax_stmt_ies_annex_l_q04_l22,tax_stmt_ies_annex_l,790,Q04_L22,,domain,,ptplus.tax_tag_iva_al_q04_l22,,,,base_bal_normal,0,0
tax_stmt_ies_annex_l_q04_l23,tax_stmt_ies_annex_l,820,Q04_L23,,expr,Q04_L20+Q04_L69+Q04_L70+Q04_L21+Q04_L22+Q04_L71+Q04_L72,,,,,,0,0
tax_stmt_ies_annex_l_q04_l24,tax_stmt_ies_annex_l,850,Q04_L24,,domain,,ptplus.tax_tag_iva_al_q04_l24,,,,base_bal_normal,0,0
tax_stmt_ies_annex_l_q04_l25,tax_stmt_ies_annex_l,880,Q04_L25,,domain,,ptplus.tax_tag_iva_al_q04_l25,,,,base_bal_normal,0,0
tax_stmt_ies_annex_l_q04_l26,tax_stmt_ies_annex_l,910,Q04_L26,,domain,,ptplus.tax_tag_iva_al_q04_l26,,,,base_bal_normal,0,0
tax_stmt_ies_annex_l_q04_l27,tax_stmt_ies_annex_l,940,Q04_L27,,domain,,ptplus.tax_tag_iva_al_q04_l27,,,,base_bal_normal,0,0
tax_stmt_ies_annex_l_q04_l28,tax_stmt_ies_annex_l,970,Q04_L28,,domain,,ptplus.tax_tag_iva_al_q04_l28,,,,base_bal_normal,0,0
tax_stmt_ies_annex_l_q04_l29,tax_stmt_ies_annex_l,1000,Q04_L29,,domain,,ptplus.tax_tag_iva_al_q04_l29,,,,base_bal_normal,0,0
tax_stmt_ies_annex_l_q04_l30,tax_stmt_ies_annex_l,1030,Q04_L30,,domain,,ptplus.tax_tag_iva_al_q04_l30,,,,base_bal_normal,0,0
tax_stmt_ies_annex_l_q04_l31,tax_stmt_ies_annex_l,1060,Q04_L31,,expr,Q04_L24+Q04_L73+Q04_L25+Q04_L26+Q04_L27+Q04_L74+Q04_L28+Q04_L29+Q04_L30+Q04_L75+Q04_L76,,,,,,0,0
tax_stmt_ies_annex_l_q04_l32,tax_stmt_ies_annex_l,1090,Q04_L32,,domain,,ptplus.tax_tag_iva_al_q04_l32,,,,base_bal_normal,0,0
tax_stmt_ies_annex_l_q04_l33,tax_stmt_ies_annex_l,1120,Q04_L33,,domain,,ptplus.tax_tag_iva_al_q04_l33,,,,base_bal_normal,0,0
tax_stmt_ies_annex_l_q04_l34,tax_stmt_ies_annex_l,1150,Q04_L34,,domain,,ptplus.tax_tag_iva_al_q04_l34,,,,base_bal_normal,0,0
tax_stmt_ies_annex_l_q04_l35,tax_stmt_ies_annex_l,1180,Q04_L35,,domain,,ptplus.tax_tag_iva_al_q04_l35,,,,base_bal_normal,0,0
tax_stmt_ies_annex_l_q04_l36,tax_stmt_ies_annex_l,1210,Q04_L36,,expr,Q04_L32+Q04_L77+Q04_L33+Q04_L34+Q04_L35+Q04_L78+Q04_L79,,,,,,0,0
tax_stmt_ies_annex_l_q04_l69,tax_stmt_ies_annex_l,1240,Q04_L69,,domain,,ptplus.tax_tag_iva_al_q04_l69,,,,base_bal_normal,0,0
tax_stmt_ies_annex_l_q04_l70,tax_stmt_ies_annex_l,1270,Q04_L70,,domain,,ptplus.tax_tag_iva_al_q04_l70,,,,base_bal_normal,0,0
tax_stmt_ies_annex_l_q04_l71,tax_stmt_ies_annex_l,1300,Q04_L71,,domain,,ptplus.tax_tag_iva_al_q04_l71,,,,base_bal_normal,0,0
tax_stmt_ies_annex_l_q04_l72,tax_stmt_ies_annex_l,1330,Q04_L72,,domain,,ptplus.tax_tag_iva_al_q04_l72,,,,base_bal_normal,0,0
tax_stmt_ies_annex_l_q04_l73,tax_stmt_ies_annex_l,1360,Q04_L73,,domain,,ptplus.tax_tag_iva_al_q04_l73,,,,base_bal_normal,0,0
tax_stmt_ies_annex_l_q04_l74,tax_stmt_ies_annex_l,1390,Q04_L74,,domain,,ptplus.tax_tag_iva_al_q04_l74,,,,base_bal_normal,0,0
tax_stmt_ies_annex_l_q04_l75,tax_stmt_ies_annex_l,1420,Q04_L75,,domain,,ptplus.tax_tag_iva_al_q04_l75,,,,base_bal_normal,0,0
tax_stmt_ies_annex_l_q04_l76,tax_stmt_ies_annex_l,1450,Q04_L76,,domain,,ptplus.tax_tag_iva_al_q04_l76,,,,base_bal_normal,0,0
tax_stmt_ies_annex_l_q04_l77,tax_stmt_ies_annex_l,1480,Q04_L77,,domain,,ptplus.tax_tag_iva_al_q04_l77,,,,base_bal_normal,0,0
tax_stmt_ies_annex_l_q04_l78,tax_stmt_ies_annex_l,1510,Q04_L78,,domain,,ptplus.tax_tag_iva_al_q04_l78,,,,base_bal_normal,0,0
tax_stmt_ies_annex_l_q04_l79,tax_stmt_ies_annex_l,1540,Q04_L79,,domain,,ptplus.tax_tag_iva_al_q04_l79,,,,base_bal_normal,0,0
tax_stmt_ies_annex_l_q05_l37,tax_stmt_ies_annex_l,1570,Q05_L37,,domain,,ptplus.tax_tag_iva_al_q05_l37,,,,base_bal_normal,0,0
tax_stmt_ies_annex_l_q05_l38,tax_stmt_ies_annex_l,1600,Q05_L38,,domain,,ptplus.tax_tag_iva_al_q05_l38,,,,base_bal_normal,0,0
tax_stmt_ies_annex_l_q05_l39,tax_stmt_ies_annex_l,1630,Q05_L39,,domain,,ptplus.tax_tag_iva_al_q05_l39,,,,base_bal_normal,0,0
tax_stmt_ies_annex_l_q05_l40,tax_stmt_ies_annex_l,1660,Q05_L40,,domain,,ptplus.tax_tag_iva_al_q05_l40,,,,base_bal_normal,0,0
tax_stmt_ies_annex_l_q05_l41,tax_stmt_ies_annex_l,1690,Q05_L41,,domain,,ptplus.tax_tag_iva_al_q05_l41,,,,base_bal_normal,0,0
tax_stmt_ies_annex_l_q05_l42,tax_stmt_ies_annex_l,1720,Q05_L42,,domain,,ptplus.tax_tag_iva_al_q05_l42,,,,base_bal_normal,0,0
tax_stmt_ies_annex_l_q05_l43,tax_stmt_ies_annex_l,1750,Q05_L43,,domain,,ptplus.tax_tag_iva_al_q05_l43,,,,base_bal_normal,0,0
tax_stmt_ies_annex_l_q05_l44,tax_stmt_ies_annex_l,1780,Q05_L44,,domain,,ptplus.tax_tag_iva_al_q05_l44,,,,base_bal_normal,0,0
tax_stmt_ies_annex_l_q06_l45,tax_stmt_ies_annex_l,1810,Q06_L45,,domain,,ptplus.tax_tag_iva_al_q06_l45,,,,tax_bal_normal,0,0
tax_stmt_ies_annex_l_q06_l46,tax_stmt_ies_annex_l,1840,Q06_L46,,domain,,ptplus.tax_tag_iva_al_q06_l46,,,,tax_bal_normal,0,0
tax_stmt_ies_annex_l_q06_l47,tax_stmt_ies_annex_l,1870,Q06_L47,,domain,,ptplus.tax_tag_iva_al_q06_l47,,,,tax_bal_normal,0,0
tax_stmt_ies_annex_l_q06_l48,tax_stmt_ies_annex_l,1900,Q06_L48,,domain,,ptplus.tax_tag_iva_al_q06_l48,,,,tax_bal_normal,0,0
tax_stmt_ies_annex_l_q06_l49,tax_stmt_ies_annex_l,1930,Q06_L49,,domain,,ptplus.tax_tag_iva_al_q06_l49,,,,tax_bal_normal,0,0
tax_stmt_ies_annex_l_q06_l50,tax_stmt_ies_annex_l,1960,Q06_L50,,domain,,ptplus.tax_tag_iva_al_q06_l50,,,,tax_bal_normal,0,0
tax_stmt_ies_annex_l_q06_l51,tax_stmt_ies_annex_l,1990,Q06_L51,,domain,,ptplus.tax_tag_iva_al_q06_l51,,,,tax_bal_normal,0,0
tax_stmt_ies_annex_l_q06_l52,tax_stmt_ies_annex_l,2020,Q06_L52,,domain,,ptplus.tax_tag_iva_al_q06_l52,,,,tax_bal_normal,0,0
tax_stmt_ies_annex_l_q06_l53,tax_stmt_ies_annex_l,2050,Q06_L53,,domain,,ptplus.tax_tag_iva_al_q06_l53,,,,tax_bal_normal,0,0
tax_stmt_ies_annex_l_q06_l54,tax_stmt_ies_annex_l,2080,Q06_L54,,expr,Q06_L45+Q06_L48+Q06_L51,,,,,,0,0
tax_stmt_ies_annex_l_q06_l55,tax_stmt_ies_annex_l,2110,Q06_L55,,expr,Q06_L46+Q06_L49+Q06_L52,,,,,,0,0
tax_stmt_ies_annex_l_q06_l56,tax_stmt_ies_annex_l,2140,Q06_L56,,expr,Q06_L47+Q06_L50+Q06_L53,,,,,,0,0
tax_stmt_ies_annex_l_q07_l57,tax_stmt_ies_annex_l,2170,Q07_L57,,expr,tax_base_not_converted,,,,,base_bal_normal,0,0
tax_stmt_ies_annex_l_q07_l58,tax_stmt_ies_annex_l,2200,Q07_L58,,expr,tax_amt_on_l57_base,,,,,base_bal_normal,0,0
tax_stmt_ies_annex_l_q07_l59,tax_stmt_ies_annex_l,2230,Q07_L59,,expr,prepaid_income_tax_settled,,,,,base_bal_normal,0,0
tax_stmt_ies_annex_l_q08_l60,tax_stmt_ies_annex_l,2260,Q08_L60,,expr,tax_amt_in_same_conditions,,,,,base_bal_normal,0,0
tax_stmt_ies_annex_l_q09_l61,tax_stmt_ies_annex_l,2290,Q09_L61,,expr,civa_operations_4_6_and_4,,,,,base_bal_normal,0,0
tax_stmt_ies_annex_l_q07_l62,tax_stmt_ies_annex_l,2320,Q09_L62,,expr,other_operations,,,,,base_bal_normal,0,0
tax_stmt_ies_annex_l_q07_l63,tax_stmt_ies_annex_l,2350,Q09_L63,,expr,civa_operation_4,,,,,base_bal_normal,0,0
tax_stmt_periodic_paid_tax_import_c018,tax_stmt_periodic_paid_tax_import,305,C018,Importação de bens c/imposto liquidado pelo declarante [Base],domain,,ptplus.tax_tag_iva_dp_18,,,,base_bal_normal,1,0
tax_stmt_periodic_paid_tax_import_c019,tax_stmt_periodic_paid_tax_import,315,C019,Importação de bens c/imposto liquidado pelo declarante [Imp.],domain,,ptplus.tax_tag_iva_dp_19,,,,tax_bal_normal,0,0
tax_stmt_periodic_paid_tax_import_c020,tax_stmt_periodic_paid_tax_import,320,C020,Imp. dedut. - Imobilizado,domain,,ptplus.tax_tag_iva_dp_20_iblid,,,,tax_bal_normal,1,0
tax_stmt_periodic_paid_tax_import_c022,tax_stmt_periodic_paid_tax_import,340,C022,Imp. dedut. - Existências à tx. normal,domain,,ptplus.tax_tag_iva_dp_22_iblid,,,,tax_bal_normal,1,0
tax_stmt_vat_exploded_view_1_root,tax_stmt_vat_exploded_view_1,10,IVA,IVA,expr,IVAE+IVAO+IVAI,,,,,,0,0
tax_stmt_vat_exploded_view_1_gds,tax_stmt_vat_exploded_view_1,1000,IVAE,⋅ ⋅ ⋅ Existências,domain,"[('l10n_pt_genre', '=', 'IVA'), ('pt_vat_subject', '=', 'stock')]",,,,,tax_bal_total,0,0
tax_stmt_vat_exploded_view_1_gds_cnt,tax_stmt_vat_exploded_view_1,1100,IVAEC,⋅ ⋅ ⋅ ⋅ ⋅ ⋅ Continente,domain,"[('l10n_pt_genre', '=', 'IVA'), ('pt_vat_subject', '=', 'stock'), ('pt_vat_country_region', '=', 'PT')]",,,,,tax_bal_total,0,0
tax_stmt_vat_exploded_view_1_gds_azo,tax_stmt_vat_exploded_view_1,1200,IVAEA,⋅ ⋅ ⋅ ⋅ ⋅ ⋅ Açores,domain,"[('l10n_pt_genre', '=', 'IVA'), ('pt_vat_subject', '=', 'stock'), ('pt_vat_country_region', '=', 'PT-AC')]",,,,,tax_bal_total,0,0
tax_stmt_vat_exploded_view_1_gds_mad,tax_stmt_vat_exploded_view_1,1300,IVAEM,⋅ ⋅ ⋅ ⋅ ⋅ ⋅ Madeira,domain,"[('l10n_pt_genre', '=', 'IVA'), ('pt_vat_subject', '=', 'stock'), ('pt_vat_country_region', '=', 'PT-MA')]",,,,,tax_bal_total,0,0
tax_stmt_vat_exploded_view_1_gds_int,tax_stmt_vat_exploded_view_1,1400,IVAEI,⋅ ⋅ ⋅ ⋅ ⋅ ⋅ Intracomunitário,domain,"[('l10n_pt_genre', '=', 'IVA'), ('pt_vat_subject', '=', 'stock'), ('pt_vat_country_region', '=', 'INTRA')]",,,,,tax_bal_total,0,0
tax_stmt_vat_exploded_view_1_gds_ext,tax_stmt_vat_exploded_view_1,1500,IVAEE,⋅ ⋅ ⋅ ⋅ ⋅ ⋅ Extracomunitário,domain,"[('l10n_pt_genre', '=', 'IVA'), ('pt_vat_subject', '=', 'stock'), ('pt_vat_country_region', '=', 'EXTRA')]",,,,,tax_bal_total,0,0
tax_stmt_vat_exploded_view_1_ogs,tax_stmt_vat_exploded_view_1,2000,IVAO,⋅ ⋅ ⋅ Outros bens e serviços,domain,"[('l10n_pt_genre', '=', 'IVA'), ('pt_vat_subject', '=', 'obs')]",,,,,tax_bal_total,0,0
tax_stmt_vat_exploded_view_1_ogs_cnt,tax_stmt_vat_exploded_view_1,2100,IVAOC,⋅ ⋅ ⋅ ⋅ ⋅ ⋅ Continente,domain,"[('l10n_pt_genre', '=', 'IVA'), ('pt_vat_subject', '=', 'obs'), ('pt_vat_country_region', '=', 'PT')]",,,,,tax_bal_total,0,0
tax_stmt_vat_exploded_view_1_ogs_azo,tax_stmt_vat_exploded_view_1,2200,IVAOA,⋅ ⋅ ⋅ ⋅ ⋅ ⋅ Açores,domain,"[('l10n_pt_genre', '=', 'IVA'), ('pt_vat_subject', '=', 'obs'), ('pt_vat_country_region', '=', 'PT-AC')]",,,,,tax_bal_total,0,0
tax_stmt_vat_exploded_view_1_ogs_mad,tax_stmt_vat_exploded_view_1,2300,IVAOM,⋅ ⋅ ⋅ ⋅ ⋅ ⋅ Madeira,domain,"[('l10n_pt_genre', '=', 'IVA'), ('pt_vat_subject', '=', 'obs'), ('pt_vat_country_region', '=', 'PT-MA')]",,,,,tax_bal_total,0,0
tax_stmt_vat_exploded_view_1_ogs_int,tax_stmt_vat_exploded_view_1,2400,IVAOI,⋅ ⋅ ⋅ ⋅ ⋅ ⋅ Intracomunitário,domain,"[('l10n_pt_genre', '=', 'IVA'), ('pt_vat_subject', '=', 'obs'), ('pt_vat_country_region', '=', 'INTRA')]",,,,,tax_bal_total,0,0
tax_stmt_vat_exploded_view_1_ogs_ext,tax_stmt_vat_exploded_view_1,2500,IVAOE,⋅ ⋅ ⋅ ⋅ ⋅ ⋅ Extracomunitário,domain,"[('l10n_pt_genre', '=', 'IVA'), ('pt_vat_subject', '=', 'obs'), ('pt_vat_country_region', '=', 'EXTRA')]",,,,,tax_bal_total,0,0
tax_stmt_vat_exploded_view_1_ass,tax_stmt_vat_exploded_view_1,3000,IVAI,⋅ ⋅ ⋅ Imobilizado,domain,"[('l10n_pt_genre', '=', 'IVA'), ('pt_vat_subject', '=', 'asset')]",,,,,tax_bal_total,0,0
tax_stmt_vat_exploded_view_1_ass_cnt,tax_stmt_vat_exploded_view_1,3100,IVAIC,⋅ ⋅ ⋅ ⋅ ⋅ ⋅ Continente,domain,"[('l10n_pt_genre', '=', 'IVA'), ('pt_vat_subject', '=', 'asset'), ('pt_vat_country_region', '=', 'PT')]",,,,,tax_bal_total,0,0
tax_stmt_vat_exploded_view_1_ass_azo,tax_stmt_vat_exploded_view_1,3200,IVAIA,⋅ ⋅ ⋅ ⋅ ⋅ ⋅ Açores,domain,"[('l10n_pt_genre', '=', 'IVA'), ('pt_vat_subject', '=', 'asset'), ('pt_vat_country_region', '=', 'PT-AC')]",,,,,tax_bal_total,0,0
tax_stmt_vat_exploded_view_1_ass_mad,tax_stmt_vat_exploded_view_1,3300,IVAIM,⋅ ⋅ ⋅ ⋅ ⋅ ⋅ Madeira,domain,"[('l10n_pt_genre', '=', 'IVA'), ('pt_vat_subject', '=', 'asset'), ('pt_vat_country_region', '=', 'PT-MA')]",,,,,tax_bal_total,0,0
tax_stmt_vat_exploded_view_1_ass_int,tax_stmt_vat_exploded_view_1,3400,IVAII,⋅ ⋅ ⋅ ⋅ ⋅ ⋅ Intracomunitário,domain,"[('l10n_pt_genre', '=', 'IVA'), ('pt_vat_subject', '=', 'asset'), ('pt_vat_country_region', '=', 'INTRA')]",,,,,tax_bal_total,0,0
tax_stmt_vat_exploded_view_1_ass_ext,tax_stmt_vat_exploded_view_1,3500,IVAIE,⋅ ⋅ ⋅ ⋅ ⋅ ⋅ Extracomunitário,domain,"[('l10n_pt_genre', '=', 'IVA'), ('pt_vat_subject', '=', 'asset'), ('pt_vat_country_region', '=', 'EXTRA')]",,,,,tax_bal_total,0,0
tax_stmt_withholding_annual_cd_101,tax_stmt_withholding_annual,4000,CD_101,Código 101 Retenções na Fonte,domain,,ptplus.tax_tag_rf_cd_101,,,,tax_bal_total,0,0
tax_stmt_withholding_annual_cd_102,tax_stmt_withholding_annual,4010,CD_102,Código 102 Retenções na Fonte,domain,,ptplus.tax_tag_rf_cd_102,,,,tax_bal_total,0,0
tax_stmt_withholding_annual_cd_103,tax_stmt_withholding_annual,4020,CD_103,Código 103 Retenções na Fonte,domain,,ptplus.tax_tag_rf_cd_103,,,,tax_bal_total,0,0
tax_stmt_withholding_annual_cd_104,tax_stmt_withholding_annual,4030,CD_104,Código 104 Retenções na Fonte,domain,,ptplus.tax_tag_rf_cd_104,,,,tax_bal_total,0,0
tax_stmt_withholding_annual_cd_105,tax_stmt_withholding_annual,4040,CD_105,Código 105 Retenções na Fonte,domain,,ptplus.tax_tag_rf_cd_105,,,,tax_bal_total,0,0
tax_stmt_withholding_annual_cd_106,tax_stmt_withholding_annual,4050,CD_106,Código 106 Retenções na Fonte,domain,,ptplus.tax_tag_rf_cd_106,,,,tax_bal_total,0,0
tax_stmt_withholding_annual_cd_107,tax_stmt_withholding_annual,4060,CD_107,Código 107 Retenções na Fonte,domain,,ptplus.tax_tag_rf_cd_107,,,,tax_bal_total,0,0
tax_stmt_withholding_annual_cd_110,tax_stmt_withholding_annual,4070,CD_110,Código 110 Retenções na Fonte,domain,,ptplus.tax_tag_rf_cd_110,,,,tax_bal_total,0,0
tax_stmt_withholding_annual_cd_114,tax_stmt_withholding_annual,4080,CD_114,Código 114 Retenções na Fonte,domain,,ptplus.tax_tag_rf_cd_114,,,,tax_bal_total,0,0
tax_stmt_withholding_annual_cd_115,tax_stmt_withholding_annual,4090,CD_115,Código 115 Retenções na Fonte,domain,,ptplus.tax_tag_rf_cd_115,,,,tax_bal_total,0,0
tax_stmt_withholding_annual_cd_116,tax_stmt_withholding_annual,4100,CD_116,Código 116 Retenções na Fonte,domain,,ptplus.tax_tag_rf_cd_116,,,,tax_bal_total,0,0
tax_stmt_withholding_annual_cd_117,tax_stmt_withholding_annual,4110,CD_117,Código 117 Retenções na Fonte,domain,,ptplus.tax_tag_rf_cd_117,,,,tax_bal_total,0,0
tax_stmt_withholding_annual_cd_199,tax_stmt_withholding_annual,4120,CD_199,Código 199 Retenções na Fonte,domain,,ptplus.tax_tag_rf_cd_199,,,,tax_bal_total,0,0
tax_stmt_withholding_annual_cd_201,tax_stmt_withholding_annual,4200,CD_201,Código 201 Retenções na Fonte,domain,,ptplus.tax_tag_rf_cd_201,,,,tax_bal_total,0,0
tax_stmt_withholding_annual_cd_202,tax_stmt_withholding_annual,4210,CD_202,Código 202 Retenções na Fonte,domain,,ptplus.tax_tag_rf_cd_202,,,,tax_bal_total,0,0
tax_stmt_withholding_annual_cd_203,tax_stmt_withholding_annual,4220,CD_203,Código 203 Retenções na Fonte,domain,,ptplus.tax_tag_rf_cd_203,,,,tax_bal_total,0,0
tax_stmt_withholding_annual_cd_204,tax_stmt_withholding_annual,4230,CD_204,Código 204 Retenções na Fonte,domain,,ptplus.tax_tag_rf_cd_204,,,,tax_bal_total,0,0
tax_stmt_withholding_annual_cd_205,tax_stmt_withholding_annual,4240,CD_205,Código 205 Retenções na Fonte,domain,,ptplus.tax_tag_rf_cd_205,,,,tax_bal_total,0,0
tax_stmt_withholding_annual_cd_206,tax_stmt_withholding_annual,4250,CD_206,Código 206 Retenções na Fonte,domain,,ptplus.tax_tag_rf_cd_206,,,,tax_bal_total,0,0
tax_stmt_withholding_annual_cd_207,tax_stmt_withholding_annual,4260,CD_207,Código 207 Retenções na Fonte,domain,,ptplus.tax_tag_rf_cd_207,,,,tax_bal_total,0,0
tax_stmt_withholding_annual_cd_208,tax_stmt_withholding_annual,4270,CD_208,Código 208 Retenções na Fonte,domain,,ptplus.tax_tag_rf_cd_208,,,,tax_bal_total,0,0
tax_stmt_withholding_annual_cd_209,tax_stmt_withholding_annual,4280,CD_209,Código 209 Retenções na Fonte,domain,,ptplus.tax_tag_rf_cd_209,,,,tax_bal_total,0,0
tax_stmt_withholding_annual_cd_210,tax_stmt_withholding_annual,4290,CD_210,Código 210 Retenções na Fonte,domain,,ptplus.tax_tag_rf_cd_210,,,,tax_bal_total,0,0
tax_stmt_withholding_annual_cd_211,tax_stmt_withholding_annual,4300,CD_211,Código 211 Retenções na Fonte,domain,,ptplus.tax_tag_rf_cd_211,,,,tax_bal_total,0,0
tax_stmt_withholding_annual_cd_212,tax_stmt_withholding_annual,4310,CD_212,Código 212 Retenções na Fonte,domain,,ptplus.tax_tag_rf_cd_212,,,,tax_bal_total,0,0
tax_stmt_withholding_annual_cd_299,tax_stmt_withholding_annual,4320,CD_299,Código 299 Retenções na Fonte,domain,,ptplus.tax_tag_rf_cd_299,,,,tax_bal_total,0,0
tax_stmt_withholding_monthly_cd_101_cnt,tax_stmt_withholding_monthly,5000,CD_101_PT,Cód. 101 RF Continente,domain,"['|', '&', ('move_type', 'like', ['out_invoice', 'out_refund']), ('company_id.partner_id.l10n_pt_country_region', '=', 'PT'), '&', ('move_type', 'in', ['in_invoice', 'in_refund']), ('partner_id.commercial_partner_id.l10n_pt_country_region', '=', 'PT')]",ptplus.tax_tag_rf_cd_101,,,,tax_bal_total,0,0
tax_stmt_withholding_monthly_cd_102_cnt,tax_stmt_withholding_monthly,5010,CD_102_PT,Cód. 102 RF Continente,domain,"['|', '&', ('move_type', 'like', ['out_invoice', 'out_refund']), ('company_id.partner_id.l10n_pt_country_region', '=', 'PT'), '&', ('move_type', 'in', ['in_invoice', 'in_refund']), ('partner_id.commercial_partner_id.l10n_pt_country_region', '=', 'PT')]",ptplus.tax_tag_rf_cd_102,,,,tax_bal_total,0,0
tax_stmt_withholding_monthly_cd_103_cnt,tax_stmt_withholding_monthly,5020,CD_103_PT,Cód. 103 RF Continente,domain,"['|', '&', ('move_type', 'like', ['out_invoice', 'out_refund']), ('company_id.partner_id.l10n_pt_country_region', '=', 'PT'), '&', ('move_type', 'in', ['in_invoice', 'in_refund']), ('partner_id.commercial_partner_id.l10n_pt_country_region', '=', 'PT')]",ptplus.tax_tag_rf_cd_103,,,,tax_bal_total,0,0
tax_stmt_withholding_monthly_cd_104_cnt,tax_stmt_withholding_monthly,5030,CD_104_PT,Cód. 104 RF Continente,domain,"['|', '&', ('move_type', 'like', ['out_invoice', 'out_refund']), ('company_id.partner_id.l10n_pt_country_region', '=', 'PT'), '&', ('move_type', 'in', ['in_invoice', 'in_refund']), ('partner_id.commercial_partner_id.l10n_pt_country_region', '=', 'PT')]",ptplus.tax_tag_rf_cd_104,,,,tax_bal_total,0,0
tax_stmt_withholding_monthly_cd_105_cnt,tax_stmt_withholding_monthly,5040,CD_105_PT,Cód. 105 RF Continente,domain,"['|', '&', ('move_type', 'like', ['out_invoice', 'out_refund']), ('company_id.partner_id.l10n_pt_country_region', '=', 'PT'), '&', ('move_type', 'in', ['in_invoice', 'in_refund']), ('partner_id.commercial_partner_id.l10n_pt_country_region', '=', 'PT')]",ptplus.tax_tag_rf_cd_105,,,,tax_bal_total,0,0
tax_stmt_withholding_monthly_cd_106_cnt,tax_stmt_withholding_monthly,5050,CD_106_PT,Cód. 106 RF Continente,domain,"['|', '&', ('move_type', 'like', ['out_invoice', 'out_refund']), ('company_id.partner_id.l10n_pt_country_region', '=', 'PT'), '&', ('move_type', 'in', ['in_invoice', 'in_refund']), ('partner_id.commercial_partner_id.l10n_pt_country_region', '=', 'PT')]",ptplus.tax_tag_rf_cd_106,,,,tax_bal_total,0,0
tax_stmt_withholding_monthly_cd_107_cnt,tax_stmt_withholding_monthly,5060,CD_107_PT,Cód. 107 RF Continente,domain,"['|', '&', ('move_type', 'like', ['out_invoice', 'out_refund']), ('company_id.partner_id.l10n_pt_country_region', '=', 'PT'), '&', ('move_type', 'in', ['in_invoice', 'in_refund']), ('partner_id.commercial_partner_id.l10n_pt_country_region', '=', 'PT')]",ptplus.tax_tag_rf_cd_107,,,,tax_bal_total,0,0
tax_stmt_withholding_monthly_cd_110_cnt,tax_stmt_withholding_monthly,5070,CD_110_PT,Cód. 110 RF Continente,domain,"['|', '&', ('move_type', 'like', ['out_invoice', 'out_refund']), ('company_id.partner_id.l10n_pt_country_region', '=', 'PT'), '&', ('move_type', 'in', ['in_invoice', 'in_refund']), ('partner_id.commercial_partner_id.l10n_pt_country_region', '=', 'PT')]",ptplus.tax_tag_rf_cd_110,,,,tax_bal_total,0,0
tax_stmt_withholding_monthly_cd_114_cnt,tax_stmt_withholding_monthly,5080,CD_114_PT,Cód. 114 RF Continente,domain,"['|', '&', ('move_type', 'like', ['out_invoice', 'out_refund']), ('company_id.partner_id.l10n_pt_country_region', '=', 'PT'), '&', ('move_type', 'in', ['in_invoice', 'in_refund']), ('partner_id.commercial_partner_id.l10n_pt_country_region', '=', 'PT')]",ptplus.tax_tag_rf_cd_114,,,,tax_bal_total,0,0
tax_stmt_withholding_monthly_cd_115_cnt,tax_stmt_withholding_monthly,5090,CD_115_PT,Cód. 115 RF Continente,domain,"['|', '&', ('move_type', 'like', ['out_invoice', 'out_refund']), ('company_id.partner_id.l10n_pt_country_region', '=', 'PT'), '&', ('move_type', 'in', ['in_invoice', 'in_refund']), ('partner_id.commercial_partner_id.l10n_pt_country_region', '=', 'PT')]",ptplus.tax_tag_rf_cd_115,,,,tax_bal_total,0,0
tax_stmt_withholding_monthly_cd_116_cnt,tax_stmt_withholding_monthly,5100,CD_116_PT,Cód. 116 RF Continente,domain,"['|', '&', ('move_type', 'like', ['out_invoice', 'out_refund']), ('company_id.partner_id.l10n_pt_country_region', '=', 'PT'), '&', ('move_type', 'in', ['in_invoice', 'in_refund']), ('partner_id.commercial_partner_id.l10n_pt_country_region', '=', 'PT')]",ptplus.tax_tag_rf_cd_116,,,,tax_bal_total,0,0
tax_stmt_withholding_monthly_cd_117_cnt,tax_stmt_withholding_monthly,5110,CD_117_PT,Cód. 117 RF Continente,domain,"['|', '&', ('move_type', 'like', ['out_invoice', 'out_refund']), ('company_id.partner_id.l10n_pt_country_region', '=', 'PT'), '&', ('move_type', 'in', ['in_invoice', 'in_refund']), ('partner_id.commercial_partner_id.l10n_pt_country_region', '=', 'PT')]",ptplus.tax_tag_rf_cd_117,,,,tax_bal_total,0,0
tax_stmt_withholding_monthly_cd_199_cnt,tax_stmt_withholding_monthly,5120,CD_199_PT,Cód. 199 RF Continente,domain,"['|', '&', ('move_type', 'like', ['out_invoice', 'out_refund']), ('company_id.partner_id.l10n_pt_country_region', '=', 'PT'), '&', ('move_type', 'in', ['in_invoice', 'in_refund']), ('partner_id.commercial_partner_id.l10n_pt_country_region', '=', 'PT')]",ptplus.tax_tag_rf_cd_199,,,,tax_bal_total,0,0
tax_stmt_withholding_monthly_cd_201_cnt,tax_stmt_withholding_monthly,5200,CD_201_PT,Cód. 201 RF Continente,domain,"['|', '&', ('move_type', 'like', ['out_invoice', 'out_refund']), ('company_id.partner_id.l10n_pt_country_region', '=', 'PT'), '&', ('move_type', 'in', ['in_invoice', 'in_refund']), ('partner_id.commercial_partner_id.l10n_pt_country_region', '=', 'PT')]",ptplus.tax_tag_rf_cd_201,,,,tax_bal_total,0,0
tax_stmt_withholding_monthly_cd_202_cnt,tax_stmt_withholding_monthly,5210,CD_202_PT,Cód. 202 RF Continente,domain,"['|', '&', ('move_type', 'like', ['out_invoice', 'out_refund']), ('company_id.partner_id.l10n_pt_country_region', '=', 'PT'), '&', ('move_type', 'in', ['in_invoice', 'in_refund']), ('partner_id.commercial_partner_id.l10n_pt_country_region', '=', 'PT')]",ptplus.tax_tag_rf_cd_202,,,,tax_bal_total,0,0
tax_stmt_withholding_monthly_cd_203_cnt,tax_stmt_withholding_monthly,5220,CD_203_PT,Cód. 203 RF Continente,domain,"['|', '&', ('move_type', 'like', ['out_invoice', 'out_refund']), ('company_id.partner_id.l10n_pt_country_region', '=', 'PT'), '&', ('move_type', 'in', ['in_invoice', 'in_refund']), ('partner_id.commercial_partner_id.l10n_pt_country_region', '=', 'PT')]",ptplus.tax_tag_rf_cd_203,,,,tax_bal_total,0,0
tax_stmt_withholding_monthly_cd_204_cnt,tax_stmt_withholding_monthly,5230,CD_204_PT,Cód. 204 RF Continente,domain,"['|', '&', ('move_type', 'like', ['out_invoice', 'out_refund']), ('company_id.partner_id.l10n_pt_country_region', '=', 'PT'), '&', ('move_type', 'in', ['in_invoice', 'in_refund']), ('partner_id.commercial_partner_id.l10n_pt_country_region', '=', 'PT')]",ptplus.tax_tag_rf_cd_204,,,,tax_bal_total,0,0
tax_stmt_withholding_monthly_cd_205_cnt,tax_stmt_withholding_monthly,5240,CD_205_PT,Cód. 205 RF Continente,domain,"['|', '&', ('move_type', 'like', ['out_invoice', 'out_refund']), ('company_id.partner_id.l10n_pt_country_region', '=', 'PT'), '&', ('move_type', 'in', ['in_invoice', 'in_refund']), ('partner_id.commercial_partner_id.l10n_pt_country_region', '=', 'PT')]",ptplus.tax_tag_rf_cd_205,,,,tax_bal_total,0,0
tax_stmt_withholding_monthly_cd_206_cnt,tax_stmt_withholding_monthly,5250,CD_206_PT,Cód. 206 RF Continente,domain,"['|', '&', ('move_type', 'like', ['out_invoice', 'out_refund']), ('company_id.partner_id.l10n_pt_country_region', '=', 'PT'), '&', ('move_type', 'in', ['in_invoice', 'in_refund']), ('partner_id.commercial_partner_id.l10n_pt_country_region', '=', 'PT')]",ptplus.tax_tag_rf_cd_206,,,,tax_bal_total,0,0
tax_stmt_withholding_monthly_cd_207_cnt,tax_stmt_withholding_monthly,5260,CD_207_PT,Cód. 207 RF Continente,domain,"['|', '&', ('move_type', 'like', ['out_invoice', 'out_refund']), ('company_id.partner_id.l10n_pt_country_region', '=', 'PT'), '&', ('move_type', 'in', ['in_invoice', 'in_refund']), ('partner_id.commercial_partner_id.l10n_pt_country_region', '=', 'PT')]",ptplus.tax_tag_rf_cd_207,,,,tax_bal_total,0,0
tax_stmt_withholding_monthly_cd_208_cnt,tax_stmt_withholding_monthly,5270,CD_208_PT,Cód. 208 RF Continente,domain,"['|', '&', ('move_type', 'like', ['out_invoice', 'out_refund']), ('company_id.partner_id.l10n_pt_country_region', '=', 'PT'), '&', ('move_type', 'in', ['in_invoice', 'in_refund']), ('partner_id.commercial_partner_id.l10n_pt_country_region', '=', 'PT')]",ptplus.tax_tag_rf_cd_208,,,,tax_bal_total,0,0
tax_stmt_withholding_monthly_cd_209_cnt,tax_stmt_withholding_monthly,5280,CD_209_PT,Cód. 209 RF Continente,domain,"['|', '&', ('move_type', 'like', ['out_invoice', 'out_refund']), ('company_id.partner_id.l10n_pt_country_region', '=', 'PT'), '&', ('move_type', 'in', ['in_invoice', 'in_refund']), ('partner_id.commercial_partner_id.l10n_pt_country_region', '=', 'PT')]",ptplus.tax_tag_rf_cd_209,,,,tax_bal_total,0,0
tax_stmt_withholding_monthly_cd_210_cnt,tax_stmt_withholding_monthly,5290,CD_210_PT,Cód. 210 RF Continente,domain,"['|', '&', ('move_type', 'like', ['out_invoice', 'out_refund']), ('company_id.partner_id.l10n_pt_country_region', '=', 'PT'), '&', ('move_type', 'in', ['in_invoice', 'in_refund']), ('partner_id.commercial_partner_id.l10n_pt_country_region', '=', 'PT')]",ptplus.tax_tag_rf_cd_210,,,,tax_bal_total,0,0
tax_stmt_withholding_monthly_cd_211_cnt,tax_stmt_withholding_monthly,5300,CD_211_PT,Cód. 211 RF Continente,domain,"['|', '&', ('move_type', 'like', ['out_invoice', 'out_refund']), ('company_id.partner_id.l10n_pt_country_region', '=', 'PT'), '&', ('move_type', 'in', ['in_invoice', 'in_refund']), ('partner_id.commercial_partner_id.l10n_pt_country_region', '=', 'PT')]",ptplus.tax_tag_rf_cd_211,,,,tax_bal_total,0,0
tax_stmt_withholding_monthly_cd_212_cnt,tax_stmt_withholding_monthly,5310,CD_212_PT,Cód. 212 RF Continente,domain,"['|', '&', ('move_type', 'like', ['out_invoice', 'out_refund']), ('company_id.partner_id.l10n_pt_country_region', '=', 'PT'), '&', ('move_type', 'in', ['in_invoice', 'in_refund']), ('partner_id.commercial_partner_id.l10n_pt_country_region', '=', 'PT')]",ptplus.tax_tag_rf_cd_212,,,,tax_bal_total,0,0
tax_stmt_withholding_monthly_cd_299_cnt,tax_stmt_withholding_monthly,5320,CD_299_PT,Cód. 299 RF Continente,domain,"['|', '&', ('move_type', 'like', ['out_invoice', 'out_refund']), ('company_id.partner_id.l10n_pt_country_region', '=', 'PT'), '&', ('move_type', 'in', ['in_invoice', 'in_refund']), ('partner_id.commercial_partner_id.l10n_pt_country_region', '=', 'PT')]",ptplus.tax_tag_rf_cd_299,,,,tax_bal_total,0,0
tax_stmt_withholding_monthly_cd_101_mad,tax_stmt_withholding_monthly,5002,CD_101_PT-MA,Cód. 101 RF Madeira,domain,"['|', '&', ('move_type', 'like', ['out_invoice', 'out_refund']), ('company_id.partner_id.l10n_pt_country_region', '=', 'PT-MA'), '&', ('move_type', 'in', ['in_invoice', 'in_refund']), ('partner_id.commercial_partner_id.l10n_pt_country_region', '=', 'PT-MA')]",ptplus.tax_tag_rf_cd_101,,,,tax_bal_total,0,0
tax_stmt_withholding_monthly_cd_102_mad,tax_stmt_withholding_monthly,5012,CD_102_PT-MA,Cód. 102 RF Madeira,domain,"['|', '&', ('move_type', 'like', ['out_invoice', 'out_refund']), ('company_id.partner_id.l10n_pt_country_region', '=', 'PT-MA'), '&', ('move_type', 'in', ['in_invoice', 'in_refund']), ('partner_id.commercial_partner_id.l10n_pt_country_region', '=', 'PT-MA')]",ptplus.tax_tag_rf_cd_102,,,,tax_bal_total,0,0
tax_stmt_withholding_monthly_cd_103_mad,tax_stmt_withholding_monthly,5022,CD_103_PT-MA,Cód. 103 RF Madeira,domain,"['|', '&', ('move_type', 'like', ['out_invoice', 'out_refund']), ('company_id.partner_id.l10n_pt_country_region', '=', 'PT-MA'), '&', ('move_type', 'in', ['in_invoice', 'in_refund']), ('partner_id.commercial_partner_id.l10n_pt_country_region', '=', 'PT-MA')]",ptplus.tax_tag_rf_cd_103,,,,tax_bal_total,0,0
tax_stmt_withholding_monthly_cd_104_mad,tax_stmt_withholding_monthly,5032,CD_104_PT-MA,Cód. 104 RF Madeira,domain,"['|', '&', ('move_type', 'like', ['out_invoice', 'out_refund']), ('company_id.partner_id.l10n_pt_country_region', '=', 'PT-MA'), '&', ('move_type', 'in', ['in_invoice', 'in_refund']), ('partner_id.commercial_partner_id.l10n_pt_country_region', '=', 'PT-MA')]",ptplus.tax_tag_rf_cd_104,,,,tax_bal_total,0,0
tax_stmt_withholding_monthly_cd_105_mad,tax_stmt_withholding_monthly,5042,CD_105_PT-MA,Cód. 105 RF Madeira,domain,"['|', '&', ('move_type', 'like', ['out_invoice', 'out_refund']), ('company_id.partner_id.l10n_pt_country_region', '=', 'PT-MA'), '&', ('move_type', 'in', ['in_invoice', 'in_refund']), ('partner_id.commercial_partner_id.l10n_pt_country_region', '=', 'PT-MA')]",ptplus.tax_tag_rf_cd_105,,,,tax_bal_total,0,0
tax_stmt_withholding_monthly_cd_106_mad,tax_stmt_withholding_monthly,5052,CD_106_PT-MA,Cód. 106 RF Madeira,domain,"['|', '&', ('move_type', 'like', ['out_invoice', 'out_refund']), ('company_id.partner_id.l10n_pt_country_region', '=', 'PT-MA'), '&', ('move_type', 'in', ['in_invoice', 'in_refund']), ('partner_id.commercial_partner_id.l10n_pt_country_region', '=', 'PT-MA')]",ptplus.tax_tag_rf_cd_106,,,,tax_bal_total,0,0
tax_stmt_withholding_monthly_cd_107_mad,tax_stmt_withholding_monthly,5062,CD_107_PT-MA,Cód. 107 RF Madeira,domain,"['|', '&', ('move_type', 'like', ['out_invoice', 'out_refund']), ('company_id.partner_id.l10n_pt_country_region', '=', 'PT-MA'), '&', ('move_type', 'in', ['in_invoice', 'in_refund']), ('partner_id.commercial_partner_id.l10n_pt_country_region', '=', 'PT-MA')]",ptplus.tax_tag_rf_cd_107,,,,tax_bal_total,0,0
tax_stmt_withholding_monthly_cd_110_mad,tax_stmt_withholding_monthly,5072,CD_110_PT-MA,Cód. 110 RF Madeira,domain,"['|', '&', ('move_type', 'like', ['out_invoice', 'out_refund']), ('company_id.partner_id.l10n_pt_country_region', '=', 'PT-MA'), '&', ('move_type', 'in', ['in_invoice', 'in_refund']), ('partner_id.commercial_partner_id.l10n_pt_country_region', '=', 'PT-MA')]",ptplus.tax_tag_rf_cd_110,,,,tax_bal_total,0,0
tax_stmt_withholding_monthly_cd_114_mad,tax_stmt_withholding_monthly,5082,CD_114_PT-MA,Cód. 114 RF Madeira,domain,"['|', '&', ('move_type', 'like', ['out_invoice', 'out_refund']), ('company_id.partner_id.l10n_pt_country_region', '=', 'PT-MA'), '&', ('move_type', 'in', ['in_invoice', 'in_refund']), ('partner_id.commercial_partner_id.l10n_pt_country_region', '=', 'PT-MA')]",ptplus.tax_tag_rf_cd_114,,,,tax_bal_total,0,0
tax_stmt_withholding_monthly_cd_115_mad,tax_stmt_withholding_monthly,5092,CD_115_PT-MA,Cód. 115 RF Madeira,domain,"['|', '&', ('move_type', 'like', ['out_invoice', 'out_refund']), ('company_id.partner_id.l10n_pt_country_region', '=', 'PT-MA'), '&', ('move_type', 'in', ['in_invoice', 'in_refund']), ('partner_id.commercial_partner_id.l10n_pt_country_region', '=', 'PT-MA')]",ptplus.tax_tag_rf_cd_115,,,,tax_bal_total,0,0
tax_stmt_withholding_monthly_cd_116_mad,tax_stmt_withholding_monthly,5102,CD_116_PT-MA,Cód. 116 RF Madeira,domain,"['|', '&', ('move_type', 'like', ['out_invoice', 'out_refund']), ('company_id.partner_id.l10n_pt_country_region', '=', 'PT-MA'), '&', ('move_type', 'in', ['in_invoice', 'in_refund']), ('partner_id.commercial_partner_id.l10n_pt_country_region', '=', 'PT-MA')]",ptplus.tax_tag_rf_cd_116,,,,tax_bal_total,0,0
tax_stmt_withholding_monthly_cd_117_mad,tax_stmt_withholding_monthly,5112,CD_117_PT-MA,Cód. 117 RF Madeira,domain,"['|', '&', ('move_type', 'like', ['out_invoice', 'out_refund']), ('company_id.partner_id.l10n_pt_country_region', '=', 'PT-MA'), '&', ('move_type', 'in', ['in_invoice', 'in_refund']), ('partner_id.commercial_partner_id.l10n_pt_country_region', '=', 'PT-MA')]",ptplus.tax_tag_rf_cd_117,,,,tax_bal_total,0,0
tax_stmt_withholding_monthly_cd_199_mad,tax_stmt_withholding_monthly,5122,CD_199_PT-MA,Cód. 199 RF Madeira,domain,"['|', '&', ('move_type', 'like', ['out_invoice', 'out_refund']), ('company_id.partner_id.l10n_pt_country_region', '=', 'PT-MA'), '&', ('move_type', 'in', ['in_invoice', 'in_refund']), ('partner_id.commercial_partner_id.l10n_pt_country_region', '=', 'PT-MA')]",ptplus.tax_tag_rf_cd_199,,,,tax_bal_total,0,0
tax_stmt_withholding_monthly_cd_201_mad,tax_stmt_withholding_monthly,5202,CD_201_PT-MA,Cód. 201 RF Madeira,domain,"['|', '&', ('move_type', 'like', ['out_invoice', 'out_refund']), ('company_id.partner_id.l10n_pt_country_region', '=', 'PT-MA'), '&', ('move_type', 'in', ['in_invoice', 'in_refund']), ('partner_id.commercial_partner_id.l10n_pt_country_region', '=', 'PT-MA')]",ptplus.tax_tag_rf_cd_201,,,,tax_bal_total,0,0
tax_stmt_withholding_monthly_cd_202_mad,tax_stmt_withholding_monthly,5212,CD_202_PT-MA,Cód. 202 RF Madeira,domain,"['|', '&', ('move_type', 'like', ['out_invoice', 'out_refund']), ('company_id.partner_id.l10n_pt_country_region', '=', 'PT-MA'), '&', ('move_type', 'in', ['in_invoice', 'in_refund']), ('partner_id.commercial_partner_id.l10n_pt_country_region', '=', 'PT-MA')]",ptplus.tax_tag_rf_cd_202,,,,tax_bal_total,0,0
tax_stmt_withholding_monthly_cd_203_mad,tax_stmt_withholding_monthly,5222,CD_203_PT-MA,Cód. 203 RF Madeira,domain,"['|', '&', ('move_type', 'like', ['out_invoice', 'out_refund']), ('company_id.partner_id.l10n_pt_country_region', '=', 'PT-MA'), '&', ('move_type', 'in', ['in_invoice', 'in_refund']), ('partner_id.commercial_partner_id.l10n_pt_country_region', '=', 'PT-MA')]",ptplus.tax_tag_rf_cd_203,,,,tax_bal_total,0,0
tax_stmt_withholding_monthly_cd_204_mad,tax_stmt_withholding_monthly,5232,CD_204_PT-MA,Cód. 204 RF Madeira,domain,"['|', '&', ('move_type', 'like', ['out_invoice', 'out_refund']), ('company_id.partner_id.l10n_pt_country_region', '=', 'PT-MA'), '&', ('move_type', 'in', ['in_invoice', 'in_refund']), ('partner_id.commercial_partner_id.l10n_pt_country_region', '=', 'PT-MA')]",ptplus.tax_tag_rf_cd_204,,,,tax_bal_total,0,0
tax_stmt_withholding_monthly_cd_205_mad,tax_stmt_withholding_monthly,5242,CD_205_PT-MA,Cód. 205 RF Madeira,domain,"['|', '&', ('move_type', 'like', ['out_invoice', 'out_refund']), ('company_id.partner_id.l10n_pt_country_region', '=', 'PT-MA'), '&', ('move_type', 'in', ['in_invoice', 'in_refund']), ('partner_id.commercial_partner_id.l10n_pt_country_region', '=', 'PT-MA')]",ptplus.tax_tag_rf_cd_205,,,,tax_bal_total,0,0
tax_stmt_withholding_monthly_cd_206_mad,tax_stmt_withholding_monthly,5252,CD_206_PT-MA,Cód. 206 RF Madeira,domain,"['|', '&', ('move_type', 'like', ['out_invoice', 'out_refund']), ('company_id.partner_id.l10n_pt_country_region', '=', 'PT-MA'), '&', ('move_type', 'in', ['in_invoice', 'in_refund']), ('partner_id.commercial_partner_id.l10n_pt_country_region', '=', 'PT-MA')]",ptplus.tax_tag_rf_cd_206,,,,tax_bal_total,0,0
tax_stmt_withholding_monthly_cd_207_mad,tax_stmt_withholding_monthly,5262,CD_207_PT-MA,Cód. 207 RF Madeira,domain,"['|', '&', ('move_type', 'like', ['out_invoice', 'out_refund']), ('company_id.partner_id.l10n_pt_country_region', '=', 'PT-MA'), '&', ('move_type', 'in', ['in_invoice', 'in_refund']), ('partner_id.commercial_partner_id.l10n_pt_country_region', '=', 'PT-MA')]",ptplus.tax_tag_rf_cd_207,,,,tax_bal_total,0,0
tax_stmt_withholding_monthly_cd_208_mad,tax_stmt_withholding_monthly,5272,CD_208_PT-MA,Cód. 208 RF Madeira,domain,"['|', '&', ('move_type', 'like', ['out_invoice', 'out_refund']), ('company_id.partner_id.l10n_pt_country_region', '=', 'PT-MA'), '&', ('move_type', 'in', ['in_invoice', 'in_refund']), ('partner_id.commercial_partner_id.l10n_pt_country_region', '=', 'PT-MA')]",ptplus.tax_tag_rf_cd_208,,,,tax_bal_total,0,0
tax_stmt_withholding_monthly_cd_209_mad,tax_stmt_withholding_monthly,5282,CD_209_PT-MA,Cód. 209 RF Madeira,domain,"['|', '&', ('move_type', 'like', ['out_invoice', 'out_refund']), ('company_id.partner_id.l10n_pt_country_region', '=', 'PT-MA'), '&', ('move_type', 'in', ['in_invoice', 'in_refund']), ('partner_id.commercial_partner_id.l10n_pt_country_region', '=', 'PT-MA')]",ptplus.tax_tag_rf_cd_209,,,,tax_bal_total,0,0
tax_stmt_withholding_monthly_cd_210_mad,tax_stmt_withholding_monthly,5292,CD_210_PT-MA,Cód. 210 RF Madeira,domain,"['|', '&', ('move_type', 'like', ['out_invoice', 'out_refund']), ('company_id.partner_id.l10n_pt_country_region', '=', 'PT-MA'), '&', ('move_type', 'in', ['in_invoice', 'in_refund']), ('partner_id.commercial_partner_id.l10n_pt_country_region', '=', 'PT-MA')]",ptplus.tax_tag_rf_cd_210,,,,tax_bal_total,0,0
tax_stmt_withholding_monthly_cd_211_mad,tax_stmt_withholding_monthly,5302,CD_211_PT-MA,Cód. 211 RF Madeira,domain,"['|', '&', ('move_type', 'like', ['out_invoice', 'out_refund']), ('company_id.partner_id.l10n_pt_country_region', '=', 'PT-MA'), '&', ('move_type', 'in', ['in_invoice', 'in_refund']), ('partner_id.commercial_partner_id.l10n_pt_country_region', '=', 'PT-MA')]",ptplus.tax_tag_rf_cd_211,,,,tax_bal_total,0,0
tax_stmt_withholding_monthly_cd_212_mad,tax_stmt_withholding_monthly,5312,CD_212_PT-MA,Cód. 212 RF Madeira,domain,"['|', '&', ('move_type', 'like', ['out_invoice', 'out_refund']), ('company_id.partner_id.l10n_pt_country_region', '=', 'PT-MA'), '&', ('move_type', 'in', ['in_invoice', 'in_refund']), ('partner_id.commercial_partner_id.l10n_pt_country_region', '=', 'PT-MA')]",ptplus.tax_tag_rf_cd_212,,,,tax_bal_total,0,0
tax_stmt_withholding_monthly_cd_299_mad,tax_stmt_withholding_monthly,5322,CD_299_PT-MA,Cód. 299 RF Madeira,domain,"['|', '&', ('move_type', 'like', ['out_invoice', 'out_refund']), ('company_id.partner_id.l10n_pt_country_region', '=', 'PT-MA'), '&', ('move_type', 'in', ['in_invoice', 'in_refund']), ('partner_id.commercial_partner_id.l10n_pt_country_region', '=', 'PT-MA')]",ptplus.tax_tag_rf_cd_299,,,,tax_bal_total,0,0
tax_stmt_withholding_monthly_cd_101_azo,tax_stmt_withholding_monthly,5005,CD_101_PT-AC,Cód. 101 RF Açores,domain,"['|', '&', ('move_type', 'like', ['out_invoice', 'out_refund']), ('company_id.partner_id.l10n_pt_country_region', '=', 'PT-AC'), '&', ('move_type', 'in', ['in_invoice', 'in_refund']), ('partner_id.commercial_partner_id.l10n_pt_country_region', '=', 'PT-AC')]",ptplus.tax_tag_rf_cd_101,,,,tax_bal_total,0,0
tax_stmt_withholding_monthly_cd_102_azo,tax_stmt_withholding_monthly,5015,CD_102_PT-AC,Cód. 102 RF Açores,domain,"['|', '&', ('move_type', 'like', ['out_invoice', 'out_refund']), ('company_id.partner_id.l10n_pt_country_region', '=', 'PT-AC'), '&', ('move_type', 'in', ['in_invoice', 'in_refund']), ('partner_id.commercial_partner_id.l10n_pt_country_region', '=', 'PT-AC')]",ptplus.tax_tag_rf_cd_102,,,,tax_bal_total,0,0
tax_stmt_withholding_monthly_cd_103_azo,tax_stmt_withholding_monthly,5025,CD_103_PT-AC,Cód. 103 RF Açores,domain,"['|', '&', ('move_type', 'like', ['out_invoice', 'out_refund']), ('company_id.partner_id.l10n_pt_country_region', '=', 'PT-AC'), '&', ('move_type', 'in', ['in_invoice', 'in_refund']), ('partner_id.commercial_partner_id.l10n_pt_country_region', '=', 'PT-AC')]",ptplus.tax_tag_rf_cd_103,,,,tax_bal_total,0,0
tax_stmt_withholding_monthly_cd_104_azo,tax_stmt_withholding_monthly,5035,CD_104_PT-AC,Cód. 104 RF Açores,domain,"['|', '&', ('move_type', 'like', ['out_invoice', 'out_refund']), ('company_id.partner_id.l10n_pt_country_region', '=', 'PT-AC'), '&', ('move_type', 'in', ['in_invoice', 'in_refund']), ('partner_id.commercial_partner_id.l10n_pt_country_region', '=', 'PT-AC')]",ptplus.tax_tag_rf_cd_104,,,,tax_bal_total,0,0
tax_stmt_withholding_monthly_cd_105_azo,tax_stmt_withholding_monthly,5045,CD_105_PT-AC,Cód. 105 RF Açores,domain,"['|', '&', ('move_type', 'like', ['out_invoice', 'out_refund']), ('company_id.partner_id.l10n_pt_country_region', '=', 'PT-AC'), '&', ('move_type', 'in', ['in_invoice', 'in_refund']), ('partner_id.commercial_partner_id.l10n_pt_country_region', '=', 'PT-AC')]",ptplus.tax_tag_rf_cd_105,,,,tax_bal_total,0,0
tax_stmt_withholding_monthly_cd_106_azo,tax_stmt_withholding_monthly,5055,CD_106_PT-AC,Cód. 106 RF Açores,domain,"['|', '&', ('move_type', 'like', ['out_invoice', 'out_refund']), ('company_id.partner_id.l10n_pt_country_region', '=', 'PT-AC'), '&', ('move_type', 'in', ['in_invoice', 'in_refund']), ('partner_id.commercial_partner_id.l10n_pt_country_region', '=', 'PT-AC')]",ptplus.tax_tag_rf_cd_106,,,,tax_bal_total,0,0
tax_stmt_withholding_monthly_cd_107_azo,tax_stmt_withholding_monthly,5065,CD_107_PT-AC,Cód. 107 RF Açores,domain,"['|', '&', ('move_type', 'like', ['out_invoice', 'out_refund']), ('company_id.partner_id.l10n_pt_country_region', '=', 'PT-AC'), '&', ('move_type', 'in', ['in_invoice', 'in_refund']), ('partner_id.commercial_partner_id.l10n_pt_country_region', '=', 'PT-AC')]",ptplus.tax_tag_rf_cd_107,,,,tax_bal_total,0,0
tax_stmt_withholding_monthly_cd_110_azo,tax_stmt_withholding_monthly,5075,CD_110_PT-AC,Cód. 110 RF Açores,domain,"['|', '&', ('move_type', 'like', ['out_invoice', 'out_refund']), ('company_id.partner_id.l10n_pt_country_region', '=', 'PT-AC'), '&', ('move_type', 'in', ['in_invoice', 'in_refund']), ('partner_id.commercial_partner_id.l10n_pt_country_region', '=', 'PT-AC')]",ptplus.tax_tag_rf_cd_110,,,,tax_bal_total,0,0
tax_stmt_withholding_monthly_cd_114_azo,tax_stmt_withholding_monthly,5085,CD_114_PT-AC,Cód. 114 RF Açores,domain,"['|', '&', ('move_type', 'like', ['out_invoice', 'out_refund']), ('company_id.partner_id.l10n_pt_country_region', '=', 'PT-AC'), '&', ('move_type', 'in', ['in_invoice', 'in_refund']), ('partner_id.commercial_partner_id.l10n_pt_country_region', '=', 'PT-AC')]",ptplus.tax_tag_rf_cd_114,,,,tax_bal_total,0,0
tax_stmt_withholding_monthly_cd_115_azo,tax_stmt_withholding_monthly,5095,CD_115_PT-AC,Cód. 115 RF Açores,domain,"['|', '&', ('move_type', 'like', ['out_invoice', 'out_refund']), ('company_id.partner_id.l10n_pt_country_region', '=', 'PT-AC'), '&', ('move_type', 'in', ['in_invoice', 'in_refund']), ('partner_id.commercial_partner_id.l10n_pt_country_region', '=', 'PT-AC')]",ptplus.tax_tag_rf_cd_115,,,,tax_bal_total,0,0
tax_stmt_withholding_monthly_cd_116_azo,tax_stmt_withholding_monthly,5105,CD_116_PT-AC,Cód. 116 RF Açores,domain,"['|', '&', ('move_type', 'like', ['out_invoice', 'out_refund']), ('company_id.partner_id.l10n_pt_country_region', '=', 'PT-AC'), '&', ('move_type', 'in', ['in_invoice', 'in_refund']), ('partner_id.commercial_partner_id.l10n_pt_country_region', '=', 'PT-AC')]",ptplus.tax_tag_rf_cd_116,,,,tax_bal_total,0,0
tax_stmt_withholding_monthly_cd_117_azo,tax_stmt_withholding_monthly,5115,CD_117_PT-AC,Cód. 117 RF Açores,domain,"['|', '&', ('move_type', 'like', ['out_invoice', 'out_refund']), ('company_id.partner_id.l10n_pt_country_region', '=', 'PT-AC'), '&', ('move_type', 'in', ['in_invoice', 'in_refund']), ('partner_id.commercial_partner_id.l10n_pt_country_region', '=', 'PT-AC')]",ptplus.tax_tag_rf_cd_117,,,,tax_bal_total,0,0
tax_stmt_withholding_monthly_cd_199_azo,tax_stmt_withholding_monthly,5125,CD_199_PT-AC,Cód. 199 RF Açores,domain,"['|', '&', ('move_type', 'like', ['out_invoice', 'out_refund']), ('company_id.partner_id.l10n_pt_country_region', '=', 'PT-AC'), '&', ('move_type', 'in', ['in_invoice', 'in_refund']), ('partner_id.commercial_partner_id.l10n_pt_country_region', '=', 'PT-AC')]",ptplus.tax_tag_rf_cd_199,,,,tax_bal_total,0,0
tax_stmt_withholding_monthly_cd_201_azo,tax_stmt_withholding_monthly,5205,CD_201_PT-AC,Cód. 201 RF Açores,domain,"['|', '&', ('move_type', 'like', ['out_invoice', 'out_refund']), ('company_id.partner_id.l10n_pt_country_region', '=', 'PT-AC'), '&', ('move_type', 'in', ['in_invoice', 'in_refund']), ('partner_id.commercial_partner_id.l10n_pt_country_region', '=', 'PT-AC')]",ptplus.tax_tag_rf_cd_201,,,,tax_bal_total,0,0
tax_stmt_withholding_monthly_cd_202_azo,tax_stmt_withholding_monthly,5215,CD_202_PT-AC,Cód. 202 RF Açores,domain,"['|', '&', ('move_type', 'like', ['out_invoice', 'out_refund']), ('company_id.partner_id.l10n_pt_country_region', '=', 'PT-AC'), '&', ('move_type', 'in', ['in_invoice', 'in_refund']), ('partner_id.commercial_partner_id.l10n_pt_country_region', '=', 'PT-AC')]",ptplus.tax_tag_rf_cd_202,,,,tax_bal_total,0,0
tax_stmt_withholding_monthly_cd_203_azo,tax_stmt_withholding_monthly,5225,CD_203_PT-AC,Cód. 203 RF Açores,domain,"['|', '&', ('move_type', 'like', ['out_invoice', 'out_refund']), ('company_id.partner_id.l10n_pt_country_region', '=', 'PT-AC'), '&', ('move_type', 'in', ['in_invoice', 'in_refund']), ('partner_id.commercial_partner_id.l10n_pt_country_region', '=', 'PT-AC')]",ptplus.tax_tag_rf_cd_203,,,,tax_bal_total,0,0
tax_stmt_withholding_monthly_cd_204_azo,tax_stmt_withholding_monthly,5235,CD_204_PT-AC,Cód. 204 RF Açores,domain,"['|', '&', ('move_type', 'like', ['out_invoice', 'out_refund']), ('company_id.partner_id.l10n_pt_country_region', '=', 'PT-AC'), '&', ('move_type', 'in', ['in_invoice', 'in_refund']), ('partner_id.commercial_partner_id.l10n_pt_country_region', '=', 'PT-AC')]",ptplus.tax_tag_rf_cd_204,,,,tax_bal_total,0,0
tax_stmt_withholding_monthly_cd_205_azo,tax_stmt_withholding_monthly,5245,CD_205_PT-AC,Cód. 205 RF Açores,domain,"['|', '&', ('move_type', 'like', ['out_invoice', 'out_refund']), ('company_id.partner_id.l10n_pt_country_region', '=', 'PT-AC'), '&', ('move_type', 'in', ['in_invoice', 'in_refund']), ('partner_id.commercial_partner_id.l10n_pt_country_region', '=', 'PT-AC')]",ptplus.tax_tag_rf_cd_205,,,,tax_bal_total,0,0
tax_stmt_withholding_monthly_cd_206_azo,tax_stmt_withholding_monthly,5255,CD_206_PT-AC,Cód. 206 RF Açores,domain,"['|', '&', ('move_type', 'like', ['out_invoice', 'out_refund']), ('company_id.partner_id.l10n_pt_country_region', '=', 'PT-AC'), '&', ('move_type', 'in', ['in_invoice', 'in_refund']), ('partner_id.commercial_partner_id.l10n_pt_country_region', '=', 'PT-AC')]",ptplus.tax_tag_rf_cd_206,,,,tax_bal_total,0,0
tax_stmt_withholding_monthly_cd_207_azo,tax_stmt_withholding_monthly,5265,CD_207_PT-AC,Cód. 207 RF Açores,domain,"['|', '&', ('move_type', 'like', ['out_invoice', 'out_refund']), ('company_id.partner_id.l10n_pt_country_region', '=', 'PT-AC'), '&', ('move_type', 'in', ['in_invoice', 'in_refund']), ('partner_id.commercial_partner_id.l10n_pt_country_region', '=', 'PT-AC')]",ptplus.tax_tag_rf_cd_207,,,,tax_bal_total,0,0
tax_stmt_withholding_monthly_cd_208_azo,tax_stmt_withholding_monthly,5275,CD_208_PT-AC,Cód. 208 RF Açores,domain,"['|', '&', ('move_type', 'like', ['out_invoice', 'out_refund']), ('company_id.partner_id.l10n_pt_country_region', '=', 'PT-AC'), '&', ('move_type', 'in', ['in_invoice', 'in_refund']), ('partner_id.commercial_partner_id.l10n_pt_country_region', '=', 'PT-AC')]",ptplus.tax_tag_rf_cd_208,,,,tax_bal_total,0,0
tax_stmt_withholding_monthly_cd_209_azo,tax_stmt_withholding_monthly,5285,CD_209_PT-AC,Cód. 209 RF Açores,domain,"['|', '&', ('move_type', 'like', ['out_invoice', 'out_refund']), ('company_id.partner_id.l10n_pt_country_region', '=', 'PT-AC'), '&', ('move_type', 'in', ['in_invoice', 'in_refund']), ('partner_id.commercial_partner_id.l10n_pt_country_region', '=', 'PT-AC')]",ptplus.tax_tag_rf_cd_209,,,,tax_bal_total,0,0
tax_stmt_withholding_monthly_cd_210_azo,tax_stmt_withholding_monthly,5295,CD_210_PT-AC,Cód. 210 RF Açores,domain,"['|', '&', ('move_type', 'like', ['out_invoice', 'out_refund']), ('company_id.partner_id.l10n_pt_country_region', '=', 'PT-AC'), '&', ('move_type', 'in', ['in_invoice', 'in_refund']), ('partner_id.commercial_partner_id.l10n_pt_country_region', '=', 'PT-AC')]",ptplus.tax_tag_rf_cd_210,,,,tax_bal_total,0,0
tax_stmt_withholding_monthly_cd_211_azo,tax_stmt_withholding_monthly,5305,CD_211_PT-AC,Cód. 211 RF Açores,domain,"['|', '&', ('move_type', 'like', ['out_invoice', 'out_refund']), ('company_id.partner_id.l10n_pt_country_region', '=', 'PT-AC'), '&', ('move_type', 'in', ['in_invoice', 'in_refund']), ('partner_id.commercial_partner_id.l10n_pt_country_region', '=', 'PT-AC')]",ptplus.tax_tag_rf_cd_211,,,,tax_bal_total,0,0
tax_stmt_withholding_monthly_cd_212_azo,tax_stmt_withholding_monthly,5315,CD_212_PT-AC,Cód. 212 RF Açores,domain,"['|', '&', ('move_type', 'like', ['out_invoice', 'out_refund']), ('company_id.partner_id.l10n_pt_country_region', '=', 'PT-AC'), '&', ('move_type', 'in', ['in_invoice', 'in_refund']), ('partner_id.commercial_partner_id.l10n_pt_country_region', '=', 'PT-AC')]",ptplus.tax_tag_rf_cd_212,,,,tax_bal_total,0,0
tax_stmt_withholding_monthly_cd_299_azo,tax_stmt_withholding_monthly,5325,CD_299_PT-AC,Cód. 299 RF Açores,domain,"['|', '&', ('move_type', 'like', ['out_invoice', 'out_refund']), ('company_id.partner_id.l10n_pt_country_region', '=', 'PT-AC'), '&', ('move_type', 'in', ['in_invoice', 'in_refund']), ('partner_id.commercial_partner_id.l10n_pt_country_region', '=', 'PT-AC')]",ptplus.tax_tag_rf_cd_299,,,,tax_bal_total,0,0
accounting_stmt_cash_flow_a00301,accounting_stmt_cash_flow,10,A00301,,domain,,,ptplus.tag_cfc_a00301,p,balance,,0,0
accounting_stmt_cash_flow_a00302,accounting_stmt_cash_flow,20,A00302,,domain,,,ptplus.tag_cfc_a00302,p,balance,,0,0
accounting_stmt_cash_flow_a00303,accounting_stmt_cash_flow,30,A00303,,domain,,,ptplus.tag_cfc_a00303,p,balance,,0,0
accounting_stmt_cash_flow_a00304,accounting_stmt_cash_flow,40,A00304,,domain,,,ptplus.tag_cfc_a00304,p,balance,,0,0
accounting_stmt_cash_flow_a00305,accounting_stmt_cash_flow,50,A00305,,domain,,,ptplus.tag_cfc_a00305,p,balance,,0,0
accounting_stmt_cash_flow_a00306,accounting_stmt_cash_flow,60,A00306,,domain,,,ptplus.tag_cfc_a00306,p,balance,,0,0
accounting_stmt_cash_flow_a00307,accounting_stmt_cash_flow,70,A00307,,domain,,,ptplus.tag_cfc_a00307,p,balance,,0,0
accounting_stmt_cash_flow_a00308,accounting_stmt_cash_flow,80,A00308,,domain,,,ptplus.tag_cfc_a00308,p,balance,,0,0
accounting_stmt_cash_flow_a00309,accounting_stmt_cash_flow,90,A00309,,domain,,,ptplus.tag_cfc_a00309,p,balance,,0,0
accounting_stmt_cash_flow_a00310,accounting_stmt_cash_flow,100,A00310,,domain,,,ptplus.tag_cfc_a00310,p,balance,,0,0
accounting_stmt_cash_flow_a00311,accounting_stmt_cash_flow,110,A00311,,domain,,,ptplus.tag_cfc_a00311,p,balance,,0,0
accounting_stmt_cash_flow_a00312,accounting_stmt_cash_flow,120,A00312,,domain,,,ptplus.tag_cfc_a00312,p,balance,,0,0
accounting_stmt_cash_flow_a00313,accounting_stmt_cash_flow,130,A00313,,domain,,,ptplus.tag_cfc_a00313,p,balance,,0,0
accounting_stmt_cash_flow_a00314,accounting_stmt_cash_flow,140,A00314,,domain,,,ptplus.tag_cfc_a00314,p,balance,,0,0
accounting_stmt_cash_flow_a00315,accounting_stmt_cash_flow,150,A00315,,domain,,,ptplus.tag_cfc_a00315,p,balance,,0,0
accounting_stmt_cash_flow_a00316,accounting_stmt_cash_flow,160,A00316,,domain,,,ptplus.tag_cfc_a00316,p,balance,,0,0
accounting_stmt_cash_flow_a00317,accounting_stmt_cash_flow,170,A00317,,domain,,,ptplus.tag_cfc_a00317,p,balance,,0,0
accounting_stmt_cash_flow_a00318,accounting_stmt_cash_flow,180,A00318,,domain,,,ptplus.tag_cfc_a00318,p,balance,,0,0
accounting_stmt_cash_flow_a00319,accounting_stmt_cash_flow,190,A00319,,domain,,,ptplus.tag_cfc_a00319,p,balance,,0,0
accounting_stmt_cash_flow_a00320,accounting_stmt_cash_flow,200,A00320,,domain,,,ptplus.tag_cfc_a00320,p,balance,,0,0
accounting_stmt_cash_flow_a00321,accounting_stmt_cash_flow,210,A00321,,domain,,,ptplus.tag_cfc_a00321,p,balance,,0,0
accounting_stmt_cash_flow_a00322,accounting_stmt_cash_flow,220,A00322,,domain,,,ptplus.tag_cfc_a00322,p,balance,,0,0
accounting_stmt_cash_flow_a00323,accounting_stmt_cash_flow,230,A00323,,domain,,,ptplus.tag_cfc_a00323,p,balance,,0,0
accounting_stmt_cash_flow_a00324,accounting_stmt_cash_flow,240,A00324,,domain,,,ptplus.tag_cfc_a00324,p,balance,,0,0
accounting_stmt_cash_flow_a00325,accounting_stmt_cash_flow,250,A00325,,domain,,,ptplus.tag_cfc_a00325,p,balance,,0,0
accounting_stmt_cash_flow_a00326,accounting_stmt_cash_flow,260,A00326,,domain,,,ptplus.tag_cfc_a00326,p,balance,,0,0
accounting_stmt_cash_flow_a00327,accounting_stmt_cash_flow,270,A00327,,domain,,,ptplus.tag_cfc_a00327,p,balance,,0,0
accounting_stmt_cash_flow_a00328,accounting_stmt_cash_flow,280,A00328,,domain,,,ptplus.tag_cfc_a00328,p,balance,,0,0
accounting_stmt_cash_flow_a00329,accounting_stmt_cash_flow,290,A00329,,domain,,,ptplus.tag_cfc_a00329,p,balance,,0,0
accounting_stmt_cash_flow_a00330,accounting_stmt_cash_flow,300,A00330,,domain,,,ptplus.tag_cfc_a00330,p,balance,,0,0
accounting_stmt_cash_flow_a00331,accounting_stmt_cash_flow,310,A00331,,domain,,,ptplus.tag_cfc_a00331,p,balance,,0,0
accounting_stmt_cash_flow_a00332,accounting_stmt_cash_flow,320,A00332,,domain,,,ptplus.tag_cfc_a00332,p,balance,,0,0
accounting_stmt_cash_flow_a00333,accounting_stmt_cash_flow,330,A00333,,domain,,,ptplus.tag_cfc_a00333,p,balance,,0,0
accounting_stmt_cash_flow_a00334,accounting_stmt_cash_flow,340,A00334,,domain,,,ptplus.tag_cfc_a00334,p,balance,,0,0
accounting_stmt_cash_flow_a00401,accounting_stmt_cash_flow,350,A00401,,domain,,,ptplus.tag_cfc_a00401,p,balance,,0,0
accounting_stmt_cash_flow_a00402,accounting_stmt_cash_flow,360,A00402,,domain,,,ptplus.tag_cfc_a00402,p,balance,,0,0
accounting_stmt_cash_flow_a00403,accounting_stmt_cash_flow,370,A00403,,domain,,,ptplus.tag_cfc_a00403,p,balance,,0,0
accounting_stmt_cash_flow_a00404,accounting_stmt_cash_flow,380,A00404,,domain,,,ptplus.tag_cfc_a00404,p,balance,,0,0
accounting_stmt_cash_flow_a00405,accounting_stmt_cash_flow,390,A00405,,domain,,,ptplus.tag_cfc_a00405,p,balance,,0,0
accounting_stmt_cash_flow_a00406,accounting_stmt_cash_flow,400,A00406,,domain,,,ptplus.tag_cfc_a00406,p,balance,,0,0
accounting_stmt_cash_flow_a00407,accounting_stmt_cash_flow,410,A00407,,domain,,,ptplus.tag_cfc_a00407,p,balance,,0,0
accounting_stmt_cash_flow_a00408,accounting_stmt_cash_flow,420,A00408,,domain,,,ptplus.tag_cfc_a00408,p,balance,,0,0
accounting_stmt_cash_flow_a00409,accounting_stmt_cash_flow,430,A00409,,domain,,,ptplus.tag_cfc_a00409,p,balance,,0,0
accounting_stmt_cash_flow_a00410,accounting_stmt_cash_flow,440,A00410,,domain,,,ptplus.tag_cfc_a00410,p,balance,,0,0
accounting_stmt_cash_flow_a00411,accounting_stmt_cash_flow,450,A00411,,domain,,,ptplus.tag_cfc_a00411,p,balance,,0,0
